Restaurant,Cuisine,Neighborhood
Gaia,Mediterranean,"Herald Square, New York, NY"
Tarallucci e Vino - Upper West Side,Italian,"Upper West Side, New York, NY"
Prohibition,American (New),"Upper West Side, New York, NY"
Jacob's Pickles,Soul Food / Southern,"Upper West Side, New York, NY"
Hasaki,Japanese / Sushi,"East Village, New York, NY"
Empellón,Mexican,"Midtown East, New York, NY"
Michael's,American (New),"Midtown West, New York, NY"
Qanoon,Middle Eastern,"Chelsea, New York, NY"
Hav & Mar,Seafood,"Chelsea, New York, NY"
The Sea Fire Grill,Seafood,"Midtown East, New York, NY"
Catria Cucina and Bar,Italian,"Hudson Yards, New York, NY"
Tinto Tapas Restaurant & Wine Bar,Spanish,"Washington Heights, New York, NY"
Off the Hook Raw Bar & Grill,Seafood,"Astoria, New York, NY"
Little Chef Little Cafe,Filipino,"Long Island City, New York, NY"
T Bar,American (New),"Upper East Side, New York, NY"
Lure Fishbar,Seafood,"Soho, New York, NY"
Frankie & Johnnie’s Steakhouse,Steakhouse,"Times Square/Theatre District, New York, NY"
Tanoreen,Middle Eastern,"Bay Ridge, New York, NY"
Aromi,Italian,"Carroll Gardens, New York, NY"
La Marchande,French,"Lower Manhattan, New York, NY"
Beauty & Essex,American (New),"Lower East Side, New York, NY"
Haven Rooftop,American (New),"Times Square/Theatre District, New York, NY"
Zero Otto Nove - Flatiron,Italian,"Flatiron District, New York, NY"
Morton's The Steakhouse—World Trade Center,Steakhouse,"Lower Manhattan, New York, NY"
Bourbon Steak New York,Steakhouse,"Midtown West, New York, NY"
Tarallucci e Vino - Union Square,Italian,"Union Square, New York, NY"
El Coco - Chelsea,Mexican,"Chelsea, New York, NY"
Nick's Lobster House,Seafood,"Mill Basin, New York, NY"
Metropolis,American (New),"Lower Manhattan, New York, NY"
The Ivory Peacock,Gastropub,"Flatiron District, New York, NY"
The Fulton,Seafood,"The Seaport, New York, NY"
Malii Gramercy,Thai,"Gramercy, New York, NY"
Bixi,Asian Fusion,"Harlem, New York, NY"
Morandi,Italian,"West Village, New York, NY"
Carlotto,Italian,"Gramercy, New York, NY"
Il Nonno,Italian,"Astoria, New York, NY"
Atrio Wine Bar & Restaurant,American (New),"Battery Park City, New York, NY"
A Pasta Bar,Italian,"Soho, New York, NY"
Maison Pickle,American (Traditional),"Upper West Side, New York, NY"
Aqua Boil,Seafood,"Hells Kitchen, New York, NY"
Oceana,Seafood,"Midtown West, New York, NY"
Point Seven,Seafood,"Midtown East, New York, NY"
The Terrace and Outdoor Gardens,American (New),"Times Square/Theatre District, New York, NY"
Godunk Thai Street Food,Thai,"Noho, New York, NY"
Nizza,Italian,"Hells Kitchen, New York, NY"
The Wolfe,American (New),"Upper West Side, New York, NY"
Verde on Smith,Italian,"Cobble Hill, New York, NY"
Pera Mediterranean Brasserie,Mediterranean,"Murray Hill, New York, NY"
Estiatorio Milos,Seafood,"Midtown West, New York, NY"
Champers Social Club,French,"Soho, New York, NY"
Greywind,American (New),"Hudson Yards, New York, NY"
Barano,Italian,"Williamsburg, New York, NY"
Tuome,American (New),"East Village, New York, NY"
Frenchette,French,"Tribeca, New York, NY"
Mr Chow New York - Tribeca,Chinese,"Tribeca, New York, NY"
Strip House Midtown,Steakhouse,"Midtown West, New York, NY"
Taste of India II,Indian,"New Dorp, New York, NY"
Pinky Swear,American (New),"Lower East Side, New York, NY"
Sotto la Luna,Italian,"Astoria, New York, NY"
Ma•dé,Asian Fusion,"Nolita, New York, NY"
Lele's Roman,Italian,"Boerum Hill, New York, NY"
Café Boulud,French,"Upper East Side, New York, NY"
Calvert's,American (New),"Midtown West, New York, NY"
Salt + Charcoal,Steakhouse,"Williamsburg, New York, NY"
Gaonnuri,Korean,"Koreatown, New York, NY"
Meet the Meat,Steakhouse,"Astoria, New York, NY"
Felice 83,Italian,"Upper East Side, New York, NY"
Sushi Ann,Japanese / Sushi,"Midtown East, New York, NY"
Petite Boucherie,French,"West Village, New York, NY"
Chez Josephine,French,"Hells Kitchen, New York, NY"
Dos Caminos Meatpacking District,Mexican,"Meatpacking District, New York, NY"
Empire Steak House - Midtown West,Steakhouse,"Midtown West, New York, NY"
Del Friscos Double Eagle Steakhouse New York,Steakhouse,"Midtown West, New York, NY"
Jue Lan Club,Chinese,"Flatiron District, New York, NY"
Limani,Mediterranean,"Midtown West, New York, NY"
Antica Pesa,Italian,"Williamsburg, New York, NY"
Crown Shy,American (New),"Lower Manhattan, New York, NY"
The Parlour Room,American (New),"Herald Square, New York, NY"
La Contenta Oeste,Mexican,"West Village, New York, NY"
Passerine,Indian,"Flatiron District, New York, NY"
Barawine,French,"Harlem, New York, NY"
Miriam Brooklyn,Mediterranean,"Park Slope, New York, NY"
David Burke Tavern,American (New),"Upper East Side, New York, NY"
Manuela,American (New),"Soho, New York, NY"
Tavern on the Green,American (New),"Central Park, New York, NY"
Sweet Catch,Seafood,"Prospect Lefferts Gardens, New York, NY"
Sereneco,American (New),"Greenpoint, New York, NY"
Glass House Tavern,American (New),"Times Square/Theatre District, New York, NY"
Tasca NYC,Latin American,"Upper West Side, New York, NY"
Becco,Italian,"Times Square/Theatre District, New York, NY"
Rowland's Bar & Grill,Gastropub,"Herald Square, New York, NY"
Kashkaval Garden,Mediterranean,"Hells Kitchen, New York, NY"
Socarrat Paella Bar - Nolita,Spanish,"Nolita, New York, NY"
Tucci,Italian,"Noho, New York, NY"
Le Rock,French,"Midtown West, New York, NY"
Leuca,Italian,"Williamsburg, New York, NY"
City Winery,American (New),"Chelsea, New York, NY"
Hudson VU,American (New),"Hells Kitchen, New York, NY"
L'Express,French,"Gramercy, New York, NY"
Filé Gumbo Bar,Cajun/Creole,"Tribeca, New York, NY"
5 Napkin Burger - Hell's Kitchen,American (Traditional),"Hells Kitchen, New York, NY"
Mesiba,Mediterranean,"Williamsburg, New York, NY"
Wagamama - Midtown,Asian Fusion,"Midtown West, New York, NY"
Docks Oyster Bar,Seafood,"Midtown East, New York, NY"
Socarrat Paella Bar - Chelsea,Spanish,"Chelsea, New York, NY"
Cosme,Mexican,"Flatiron District, New York, NY"
Sinigual,Mexican,"Midtown East, New York, NY"
Hupo,Chinese,"Long Island City, New York, NY"
Club A Steakhouse,Steakhouse,"Midtown East, New York, NY"
Mishik,Japanese / Sushi,"Hudson Square, New York, NY"
Treadwell Park - Upper East Side,American (Traditional),"Upper East Side, New York, NY"
Rynn Thai Restaurant & Bar,Thai,"East Village, New York, NY"
Bananas,American (New),"East Village, New York, NY"
Berimbau - Midtown,Brazilian,"Herald Square, New York, NY"
Le Rivage,French,"Times Square/Theatre District, New York, NY"
Plado Tasting Bar,Mediterranean,"East Village, New York, NY"
Mito - Bayside,Asian Fusion,"Bayside, New York, NY"
Cull & Pistol Oyster Bar,Seafood,"Chelsea, New York, NY"
State Grill and Bar,American (Traditional),"Herald Square, New York, NY"
Tarallucci e Vino - NoMad,Italian,"Nomad, New York, NY"
Il Fiorista,Mediterranean,"Nomad, New York, NY"
Perry Street,American (New),"West Village, New York, NY"
Fogo de Chão Brazilian Steakhouse,Brazilian,"Midtown West, New York, NY"
Tao Uptown,Pan-Asian,"Midtown East, New York, NY"
Barbounia,Mediterranean,"Gramercy, New York, NY"
Recette,French,"Williamsburg, New York, NY"
Dos Caminos Times Square,Mexican,"Times Square/Theatre District, New York, NY"
Playa Betty's,Mexican,"Upper West Side, New York, NY"
Trapizzino,Italian,"Lower East Side, New York, NY"
Oceans,Seafood,"Gramercy, New York, NY"
Reyna,Mediterranean,"Union Square, New York, NY"
Blackbarn,American (New),"Nomad, New York, NY"
Le Pavillon,French,"Midtown East, New York, NY"
La Voglia,Italian,"Upper East Side, New York, NY"
Pasta Louise,Italian,"Park Slope, New York, NY"
Iris,Greek,"Midtown West, New York, NY"
RA Sushi Bar Restaurant – Times Square,Japanese / Sushi,"Times Square/Theatre District, New York, NY"
No Work Allowed,Asian Fusion,"Midtown East, New York, NY"
Brooklyn Chop House - Times Square,Asian Fusion,"Times Square/Theatre District, New York, NY"
Dinosaur Bar-B-Que - Harlem,Barbecue,"Harlem, New York, NY"
Lido,Italian,"Harlem, New York, NY"
Red Rooster Harlem,Soul Food / Southern,"Harlem, New York, NY"
ABC Kitchen,American (New),"Union Square, New York, NY"
The Library at The Public,American (New),"Noho, New York, NY"
Neir's Tavern,American (Traditional),"Woodhaven, New York, NY"
Tha Phraya,Thai,"Upper East Side, New York, NY"
La Grande Boucherie,French,"Midtown West, New York, NY"
Fish Cheeks,Thai,"Noho, New York, NY"
Yama Ramen,Japanese / Sushi,"Midtown West, New York, NY"
Broadway Lounge,American (New),"Times Square/Theatre District, New York, NY"
The Dutch,American (New),"Soho, New York, NY"
Kissaki,Japanese / Sushi,"East Village, New York, NY"
Socarrat Paella Bar - Midtown East,Spanish,"Midtown East, New York, NY"
Crave Fishbar - Midtown,Seafood,"Midtown East, New York, NY"
Kings of Kobe,Steakhouse,"Hells Kitchen, New York, NY"
Sake No Hana,Japanese / Sushi,"Lower East Side, New York, NY"
Bar Sprezzatura,Italian,"Times Square/Theatre District, New York, NY"
Wagamama - Murray Hill,Asian Fusion,"Murray Hill, New York, NY"
Bottino,Italian,"Chelsea, New York, NY"
Noreetuh,Hawaiian,"East Village, New York, NY"
Twin Tails,Thai,"Upper West Side, New York, NY"
Charlie Palmer Steak IV,Steakhouse,"Times Square/Theatre District, New York, NY"
Ocean Prime,Seafood,"Midtown West, New York, NY"
La Gioconda,Italian,"Midtown East, New York, NY"
Chez Nick,American (New),"Upper East Side, New York, NY"
Oda House - Manhattan,Eastern European,"Upper East Side, New York, NY"
Sarabeth's Central Park South,American (New),"Midtown West, New York, NY"
Stout NYC Grand Central,American (Traditional),"Murray Hill, New York, NY"
Crave Fishbar - Upper West Side,Seafood,"Upper West Side, New York, NY"
Monterey,American (New),"Midtown East, New York, NY"
Delmonico's,Steakhouse,"Lower Manhattan, New York, NY"
Kyma,Greek,"Flatiron District, New York, NY"
Comal,Mexican,"Lower East Side, New York, NY"
Danji,Korean,"Hells Kitchen, New York, NY"
Pomp & Circumstance,Mediterranean,"Williamsburg, New York, NY"
Sabai Thai,Thai,"Nomad, New York, NY"
Olio e Più,Italian,"West Village, New York, NY"
Meadowsweet,American (New),"Williamsburg, New York, NY"
Indochine,Vietnamese,"Noho, New York, NY"
Melba’s,Soul Food / Southern,"Harlem, New York, NY"
Moono,Korean,"Koreatown, New York, NY"
Ophelia Lounge NYC,American (New),"Midtown East, New York, NY"
Baires Grill New York,Argentinian,"Hells Kitchen, New York, NY"
Mezze on the River,American (Traditional),"Lower Manhattan, New York, NY"
Bobo,French,"West Village, New York, NY"
Maya,Mexican,"Upper East Side, New York, NY"
One Dine,American (New),"Lower Manhattan, New York, NY"
Four Twenty Five,American (New),"Midtown East, New York, NY"
Chazz Palminteri Italian Restaurant,Italian,"Midtown West, New York, NY"
STK Downtown,Steakhouse,"Meatpacking District, New York, NY"
Il Falco,Italian,"Long Island City, New York, NY"
Osteria 57,Italian,"Greenwich Village, New York, NY"
The Lodge Bar by Stout NYC at Bryant Park,Italian,"Midtown West, New York, NY"
Ci Siamo,Italian,"Chelsea, New York, NY"
Maisonetta,Mexican,"Mott Haven, New York, NY"
Amali,Mediterranean,"Upper East Side, New York, NY"
Pulperia Latin Mediterranean Kitchen,Mediterranean,"Times Square/Theatre District, New York, NY"
Le Gratin,French,"Lower Manhattan, New York, NY"
Oscar Wilde,American (New),"Nomad, New York, NY"
Mable's Smokehouse and Banquet Hall,Barbecue,"Williamsburg, New York, NY"
Craft,American (New),"Gramercy, New York, NY"
Seawolf - Bushwick,Seafood,"Bushwick, New York, NY"
Morton's The Steakhouse—Manhattan,Steakhouse,"Midtown East, New York, NY"
Raval Steakhouse,Steakhouse,"Tompkinsville, New York, NY"
Sungold,American (New),"Williamsburg, New York, NY"
Carmine's - Upper West Side,Italian,"Upper West Side, New York, NY"
Momofuku Noodle Bar,Asian Fusion,"East Village, New York, NY"
Leonetta,Mediterranean,"Murray Hill, New York, NY"
Bryant Park Grill,American (Traditional),"Midtown West, New York, NY"
Legasea,American (New),"Garment District, New York, NY"
Riverpark,American (New),"Kips Bay, New York, NY"
Steak Frites Bistro,French,"Garment District, New York, NY"
The Chemistry Room,Japanese / Sushi,"Times Square/Theatre District, New York, NY"
Wallsé,Austrian,"West Village, New York, NY"
Stout NYC Bryant Park,American (Traditional),"Garment District, New York, NY"
Blue Fin,Seafood,"Times Square/Theatre District, New York, NY"
Giorgio's of Gramercy,American (New),"Gramercy, New York, NY"
Mastro's Steakhouse NYC,Steakhouse,"Midtown West, New York, NY"
Hawksmoor,Steakhouse,"Gramercy, New York, NY"
Langan's,American (New),"Times Square/Theatre District, New York, NY"
abcV,American (New),"Flatiron District, New York, NY"
Skinos,Mediterranean,"Lower Manhattan, New York, NY"
Sant Ambroeus—Brookfield,Italian,"Battery Park City, New York, NY"
JoJo,American (New),"Upper East Side, New York, NY"
Akoya,Japanese / Sushi,"Times Square/Theatre District, New York, NY"
Fandi Mata,Mediterranean,"Williamsburg, New York, NY"
Via 13,Italian,"West Village, New York, NY"
Rosemary's Midtown,Italian,"Midtown East, New York, NY"
La Sirene UWS,French,"Upper West Side, New York, NY"
Coqodaq,Korean,"Flatiron District, New York, NY"
Bad Roman,Italian,"Upper West Side, New York, NY"
Bocca Di Bacco—Chelsea,Italian,"Chelsea, New York, NY"
Maizal,Mexican,"Rosebank, New York, NY"
Siren Oyster Bar & Restaurant,Seafood,"South Slope, New York, NY"
Society Cafe,American (New),"Greenwich Village, New York, NY"
Koi New York,Japanese / Sushi,"Midtown West, New York, NY"
Rossini's,Italian,"Murray Hill, New York, NY"
Mae Mae Cafe & Plant Shop,Eclectic,"Mott Haven, New York, NY"
Palermo Argentinian Bistro - Gramercy,Argentinian,"Gramercy, New York, NY"
Mission Ceviche - Union Square,Peruvian,"Union Square, New York, NY"
Mission Ceviche - Upper East Side,Peruvian,"Upper East Side, New York, NY"
Dinner Party,American (New),"Clinton Hill, New York, NY"
Panda Harlem,Chinese,"Harlem, New York, NY"
Wagamama - Nomad/Flatiron,Asian Fusion,"Flatiron District, New York, NY"
Barbetta,Italian,"Times Square/Theatre District, New York, NY"
Ai Fiori,Italian,"Midtown West, New York, NY"
Hutong,Chinese,"Midtown East, New York, NY"
Audace,Italian,"Nomad, New York, NY"
Kubeh,Middle Eastern,"Greenwich Village, New York, NY"
The Dram Shop Bar,American (Traditional),"Park Slope, New York, NY"
Kellari Taverna,Greek,"Midtown West, New York, NY"
Le B.,French,"West Village, New York, NY"
Ben & Jack's 44th Street,Steakhouse,"Midtown East, New York, NY"
Mr Chow New York - 57th Street,Chinese,"Midtown East, New York, NY"
Luigi's,Italian,"New Hyde Park, New York, NY"
When in Bangkok,Thai,"Flushing, New York, NY"
Warren Street Bar & Restaurant,American (New),"Tribeca, New York, NY"
Obao Midtown East,Thai,"Midtown East, New York, NY"
The Half Pint,Gastropub,"Greenwich Village, New York, NY"
Felice Montague,Italian,"Brooklyn Heights, New York, NY"
Tuscan Hills,Italian,"Forest Hills, New York, NY"
Da Andrea - Chelsea,Italian,"Chelsea, New York, NY"
Felice on Hudson,Italian,"West Village, New York, NY"
La Masseria,Italian,"Times Square/Theatre District, New York, NY"
Bocca Di Bacco—Theatre District,Italian,"Hells Kitchen, New York, NY"
Kimika,Eclectic,"Nolita, New York, NY"
Sushi of Gari 46,Japanese / Sushi,"Times Square/Theatre District, New York, NY"
Bar Milano by Eataly,Italian,"Flatiron District, New York, NY"
The Shell Seafood Kitchen,Mediterranean,"Upper West Side, New York, NY"
Flava of the Bronx,Caribbean,"Woodstock, New York, NY"
Ammos Estiatorio - Grand Central,Mediterranean,"Midtown East, New York, NY"
ABC Cocina,Latin American,"Union Square, New York, NY"
Veselka,Ukrainian,"East Village, New York, NY"
Patrick's on the Hill,Caribbean,"Hamilton Heights, New York, NY"
Felice 15 Gold Street,Italian,"Lower Manhattan, New York, NY"
Stout NYC Financial District,American (Traditional),"Lower Manhattan, New York, NY"
Cuna NYC,Mexican,"East Village, New York, NY"
Jade Eatery & Lounge,Asian Fusion,"Forest Hills, New York, NY"
Brass & the Tusk Bar,American (New),"Nomad, New York, NY"
Sei Less,Chinese,"Garment District, New York, NY"
Mark's Off Madison,Italian,"Nomad, New York, NY"
Benjamin Prime,Steakhouse,"Murray Hill, New York, NY"
Havana Central,Cuban,"Times Square/Theatre District, New York, NY"
Red Hook Lobster Pound,Seafood,"Red Hook, New York, NY"
Le Fleur Rouge,Chinese,"Park Slope, New York, NY"
Mito - Forest Hills,Japanese / Sushi,"Forest Hills, New York, NY"
Benoit Restaurant & Wine Bar,French,"Midtown West, New York, NY"
Manhatta,American (New),"Lower Manhattan, New York, NY"
Lore,Eclectic,"South Slope, New York, NY"
Sushi Sen-Nin,Japanese / Sushi,"Murray Hill, New York, NY"
Indian Table,Indian,"Cobble Hill, New York, NY"
Smith & Wollensky,Steakhouse,"Midtown East, New York, NY"
Urban Cove Society & Kitchen,American (New),"The Seaport, New York, NY"
The Independent,American (New),"Times Square/Theatre District, New York, NY"
HanGawi,Korean,"Koreatown, New York, NY"
The Flatiron Room - NoMad,American (New),"Nomad, New York, NY"
Zoì Mediterranean NoMad,Mediterranean,"Koreatown, New York, NY"
Miriam Upper West Side,Mediterranean,"Upper West Side, New York, NY"
Park Ave Kitchen by David Burke,American (New),"Midtown East, New York, NY"
Junoon,Indian,"Flatiron District, New York, NY"
Nami Nori - Williamsburg,Japanese / Sushi,"Williamsburg, New York, NY"
Felice 64,Italian,"Upper East Side, New York, NY"
Bar56,American (New),"Dumbo, New York, NY"
The Russian Tea Room,Continental,"Midtown West, New York, NY"
Balade,Middle Eastern,"East Village, New York, NY"
Pastai,Italian,"Chelsea, New York, NY"
Essex,Steakhouse,"Lower East Side, New York, NY"
Chela,Mexican,"Park Slope, New York, NY"
Pappardella,Italian,"Upper West Side, New York, NY"
Central Park Boathouse,Continental,"Central Park, New York, NY"
Alta Calidad,Mexican,"Prospect Heights, New York, NY"
Dagon,Mediterranean,"Upper West Side, New York, NY"
The Ribbon—Upper West Side,American (New),"Upper West Side, New York, NY"
Mokyo,Korean,"East Village, New York, NY"
Barbalu Bklyn,Italian,"Boerum Hill, New York, NY"
Dirty French,French,"Lower East Side, New York, NY"
Nar Restaurant,Mediterranean,"Flatiron District, New York, NY"
Pete's Tavern,American (Traditional),"Gramercy, New York, NY"
1803 NYC,Cajun/Creole,"Tribeca, New York, NY"
Tudor City Steakhouse,Steakhouse,"Midtown East, New York, NY"
The Palm - Midtown,Steakhouse,"Times Square/Theatre District, New York, NY"
Boucherie West Village,French,"West Village, New York, NY"
Il Carino,Italian,"Upper East Side, New York, NY"
Kyma Hudson Yards,Greek,"Hudson Yards, New York, NY"
Virgil's Real BBQ - Times Square,Barbecue,"Times Square/Theatre District, New York, NY"
Bar Primi - Bowery,Italian,"East Village, New York, NY"
Benny John's Bar and Grill,Steakhouse,"Midtown East, New York, NY"
Frenchman's Dough,Italian,"The Seaport, New York, NY"
T. Brasserie,French,"The Seaport, New York, NY"
Le Basque,French,"Union Square, New York, NY"
Quality Bistro,French,"Midtown West, New York, NY"
Villa Berulia,Italian,"Murray Hill, New York, NY"
Gran Morsi,Italian,"Tribeca, New York, NY"
Catch NYC,Seafood,"Meatpacking District, New York, NY"
Jazba,Indian,"East Village, New York, NY"
Bocca Di Bacco—Hell's Kitchen,Italian,"Hells Kitchen, New York, NY"
Obao Hell's Kitchen,Thai,"Hells Kitchen, New York, NY"
Pera SoHo,Mediterranean,"Soho, New York, NY"
Wayward Fare,Italian,"Prospect Heights, New York, NY"
Bond 45,Italian,"Times Square/Theatre District, New York, NY"
Bar Primi - Penn District,Italian,"Chelsea, New York, NY"
BOTA Supper Club,American (New),"St. George, New York, NY"
Nudibranch,Korean,"East Village, New York, NY"
Burger & Lobster Bryant Park,Seafood,"Times Square/Theatre District, New York, NY"
Marseille,French,"Hells Kitchen, New York, NY"
Hearth,Italian,"East Village, New York, NY"
Dagg Thai,Thai,"Murray Hill, New York, NY"
La Pecora Bianca NoMad,Italian,"Nomad, New York, NY"
Nice Matin,French,"Upper West Side, New York, NY"
Trattoria Dell'Arte,Italian,"Midtown West, New York, NY"
Francie,American (New),"Williamsburg, New York, NY"
Momoya Soho,Japanese / Sushi,"Nolita, New York, NY"
Hunt & Fish Club NYC,Steakhouse,"Times Square/Theatre District, New York, NY"
Scarpetta,Italian,"Nomad, New York, NY"
Rosevale Cocktail Room,American (New),"Hells Kitchen, New York, NY"
Travelers Poets & Friends,Italian,"West Village, New York, NY"
Il Mulino Prime | Soho,Steakhouse,"Soho, New York, NY"
Wabi Nori,Japanese / Sushi,"Lower East Side, New York, NY"
Heritage Grand Bakery,Mediterranean,"Midtown West, New York, NY"
Vino &... - Eataly NYC Downtown,Italian,"Lower Manhattan, New York, NY"
Crave Fishbar - Upper East Side,Seafood,"Upper East Side, New York, NY"
The Greenhouse Cafe,American (New),"Bay Ridge, New York, NY"
Robert,American (New),"Midtown West, New York, NY"
Rosemary's West Village,Italian,"West Village, New York, NY"
The Stand,Italian,"Union Square, New York, NY"
Schilling,Austrian,"Lower Manhattan, New York, NY"
Olio e Più Bryant Park,Italian,"Midtown West, New York, NY"
Rosemary's East,Italian,"Gramercy, New York, NY"
Miriam West Village,Mediterranean,"West Village, New York, NY"
Sagaponack,Seafood,"Flatiron District, New York, NY"
Zoì Mediterranean UES,Mediterranean,"Upper East Side, New York, NY"
Parklife,Mexican,"Gowanus, New York, NY"
Jing Li,Chinese,"Long Island City, New York, NY"
Casa Brazilian,Brazilian,"Tribeca, New York, NY"
Wayan,Asian Fusion,"Nolita, New York, NY"
Sempre Oggi,Italian,"Upper West Side, New York, NY"
Strip House Downtown,Steakhouse,"Greenwich Village, New York, NY"
Vallata,Italian,"Gramercy, New York, NY"
Dante,Italian,"Greenwich Village, New York, NY"
ofCorsica,Mediterranean,"Chelsea, New York, NY"
Cafe D'Alsace,French,"Upper East Side, New York, NY"
Kyu NYC,Asian Fusion,"Noho, New York, NY"
Le Jardinier,French,"Midtown East, New York, NY"
The Paris Cafe,French,"The Seaport, New York, NY"
AperiBar,Italian,"Times Square/Theatre District, New York, NY"
Kraam,Thai,"Nomad, New York, NY"
American Cut Tribeca,Steakhouse,"Tribeca, New York, NY"
Hard Rock Cafe,American (Traditional),"Times Square/Theatre District, New York, NY"
Lattanzi Cucina Italiana,Italian,"Times Square/Theatre District, New York, NY"
Jupiter,Italian,"Midtown West, New York, NY"
Patsy's Italian Restaurant,Italian,"Midtown West, New York, NY"
Masseria Dei Vini,Italian,"Hells Kitchen, New York, NY"
Restaurant Nippon,Japanese / Sushi,"Midtown East, New York, NY"
Cut,Steakhouse,"Lower Manhattan, New York, NY"
Altesi Downtown,Italian,"Soho, New York, NY"
Naks,East Village,"nan, New York, NY"
Eléa,Greek,"Upper West Side, New York, NY"
The Long Room,Irish,"Times Square/Theatre District, New York, NY"
Del Frisco's Grille,Steakhouse,"Midtown West, New York, NY"
Palo Santo,Latin American,"Park Slope, New York, NY"
Industry Kitchen,American (New),"The Seaport, New York, NY"
Sushi Lab Rooftop,Japanese / Sushi,"Times Square/Theatre District, New York, NY"
Empire Steak House - Midtown East,Steakhouse,"Midtown East, New York, NY"
Sicily Osteria,Italian,"Times Square/Theatre District, New York, NY"
Nick + Stef's Steakhouse,Steakhouse,"Midtown West, New York, NY"
Bonsaii Tapas & Wine Bar,Continental,"Midtown East, New York, NY"
The Dynamo Room,Steakhouse,"Chelsea, New York, NY"
Nino's,Italian,"Midtown East, New York, NY"
Altesi Ristorante,Italian,"Upper East Side, New York, NY"
Morgan's Brooklyn Barbecue,Barbecue,"Prospect Heights, New York, NY"
French Roast,French,"Upper West Side, New York, NY"
Estiatorio Milos Hudson Yards,Seafood,"Hudson Yards, New York, NY"
Harta,American (New),"Garment District, New York, NY"
Uva Next Door,Italian,"Upper East Side, New York, NY"
Nusr-Et - Midtown,Steakhouse,"Midtown West, New York, NY"
Gui Steakhouse,Steakhouse,"Times Square/Theatre District, New York, NY"
The Parliament,American (Traditional),"Midtown East, New York, NY"
Jack & Charlie’s No. 118,American (New),"West Village, New York, NY"
Aqua Kyoto,Japanese / Sushi,"Flatiron District, New York, NY"
Liebman’s Deli,Delicatessen,"Riverdale, New York, NY"
La Pizza & La Pasta,Italian,"Lower Manhattan, New York, NY"
Baciccia Pizza e Cucina,Italian,"Park Slope, New York, NY"
Brooklyn Chop House - Downtown,Steakhouse,"Lower Manhattan, New York, NY"
Churrascaria Plataforma Brazilian Steakhouse,Brazilian,"Midtown West, New York, NY"
Zuma,Japanese / Sushi,"Murray Hill, New York, NY"
The Clocktower,British,"Flatiron District, New York, NY"
Felice Columbus,Italian,"Upper West Side, New York, NY"
The Tuck Room,Gastropub,"The Seaport, New York, NY"
Cebu Bar & Bistro,American (New),"Bay Ridge, New York, NY"
Veerays,Indian,"Midtown East, New York, NY"
Next Door,Japanese / Sushi,"Noho, New York, NY"
Little Maven,American (New),"Flatiron District, New York, NY"
The Gallery,Japanese / Sushi,"Flatiron District, New York, NY"
Takumen,Japanese / Sushi,"Long Island City, New York, NY"
Limusina,Mexican,"Hells Kitchen, New York, NY"
Stone Park Cafe,American (New),"Park Slope, New York, NY"
Vin Sur Vingt - E. 51st St.,French,"Midtown East, New York, NY"
Miriam Upper East Side,Mediterranean,"Upper East Side, New York, NY"
El Coco - Hell's Kitchen,Mexican,"Hells Kitchen, New York, NY"
Twenty-Sevens,American (New),"Midtown West, New York, NY"
Miss Lily's 7A,Caribbean,"East Village, New York, NY"
Anassa Taverna - Manhattan,Greek,"Upper East Side, New York, NY"
La Baraka,French,"Little Neck, New York, NY"
The Dolar Shop Hot Pot,Chinese,"East Village, New York, NY"
La Pizza & La Pasta,Italian,"Flatiron District, New York, NY"
Maggie's Place,American (New),"Midtown East, New York, NY"
The Dining Room at Gramercy Tavern,American (New),"Gramercy, New York, NY"
Dear Strangers,American (New),"Greenwich Village, New York, NY"
Isabelle's Osteria,Italian,"Gramercy, New York, NY"
San Sabino,Italian,"West Village, New York, NY"
So & So's,American (New),"Hells Kitchen, New York, NY"
Ginger Ristoranti,Italian,"Midtown West, New York, NY"
The Quimby,American (New),"Jamaica, New York, NY"
The Splendid,American (New),"Midtown East, New York, NY"
Roey's,Italian,"West Village, New York, NY"
Psaraki,Greek,"Williamsburg, New York, NY"
Anton’s,American (New),"West Village, New York, NY"
Torch & Crown Brewing Company,American (New),"Hudson Square, New York, NY"
Palermo Argentinian Bistro - NYC,Argentinian,"Times Square/Theatre District, New York, NY"
DomoDomo NYC,Japanese / Sushi,"Greenwich Village, New York, NY"
Lincoln Ristorante,Italian,"Upper West Side, New York, NY"
Ilili Restaurant,Mediterranean,"Nomad, New York, NY"
Jacques Brasserie,French,"Upper East Side, New York, NY"
"Lorenzo's Restaurant, Bar & Cabaret",Italian,"Bloomfield, New York, NY"
Yakiniku Futago,Steakhouse,"Flatiron District, New York, NY"
Masseria East,Italian,"Upper East Side, New York, NY"
Momoya - Upper West Side,Japanese / Sushi,"Upper West Side, New York, NY"
Soogil,Korean,"East Village, New York, NY"
Chito Gvrito NYC,Eastern European,"Gramercy, New York, NY"
Nougatine at Jean-Georges,American (New),"Upper West Side, New York, NY"
Pink Taco,Mexican,"Times Square/Theatre District, New York, NY"
Sofrito on the Hudson,Puerto Rican,"Hamilton Heights, New York, NY"
Marsanne,Mediterranean,"Chelsea, New York, NY"
Baci & Abbracci,Italian,"Williamsburg, New York, NY"
Treadwell Park - Downtown,American (Traditional),"Battery Park City, New York, NY"
Maiella,Italian,"Long Island City, New York, NY"
DiWine,American (New),"Astoria, New York, NY"
Boucherie Union Square,French,"Gramercy, New York, NY"
Benjamin Steakhouse,Steakhouse,"Midtown East, New York, NY"
Il Buco Alimentari & Vineria,Italian,"Noho, New York, NY"
'ino,Italian,"Flatiron District, New York, NY"
Marlow Bistro,Mediterranean,"Upper West Side, New York, NY"
Ayza,American (New),"Koreatown, New York, NY"
Redeye Grill,American (New),"Midtown West, New York, NY"
Lillie's Victorian—Union Square,American (New),"Union Square, New York, NY"
Acadia,Mediterranean,"Midtown West, New York, NY"
The Uptown Garrison,American (New),"Washington Heights, New York, NY"
La Sirene,French,"Soho, New York, NY"
Gallaghers Steakhouse,Steakhouse,"Times Square/Theatre District, New York, NY"
Stout NYC Penn Station,American (Traditional),"Herald Square, New York, NY"
Copinette,American (New),"Midtown East, New York, NY"
La Pecora Bianca Midtown,Italian,"Midtown East, New York, NY"
Calle Dão - Bryant Park,Asian Fusion,"Midtown West, New York, NY"
Planet Hollywood New York,American (New),"Times Square/Theatre District, New York, NY"
Kru,Thai,"Greenpoint, New York, NY"
J’s On The Bay,American (New),"Rosebank, New York, NY"
The Flatiron Room - Murray Hill,American (New),"Murray Hill, New York, NY"
Fushimi - Times Square,Japanese / Sushi,"Hells Kitchen, New York, NY"
Temple Court,American (New),"Lower Manhattan, New York, NY"
Celeste,Italian,"Upper West Side, New York, NY"
Clara,American (New),"Upper West Side, New York, NY"
The Bronx Beer Hall,Pizza,"Belmont, New York, NY"
Victor's Cafe,Cuban,"Times Square/Theatre District, New York, NY"
Osteria by Primo,Italian,"Todt Hill, New York, NY"
House of the Red Pearl,Chinese,"The Seaport, New York, NY"
Philippe by Philippe Chow Downtown,Chinese,"Chelsea, New York, NY"
San Carlo,Italian,"Soho, New York, NY"
Stella 34 Trattoria,Italian,"Herald Square, New York, NY"
Alice,Italian,"West Village, New York, NY"
Archer & Goat,American (New),"Harlem, New York, NY"
Rivercrest,American (New),"Astoria, New York, NY"
Grotta Azzurra,Italian,"Little Italy, New York, NY"
Suprema Provisions,Italian,"West Village, New York, NY"
Tamarind Tribeca,Indian,"Tribeca, New York, NY"
Henry's End,American (New),"Brooklyn Heights, New York, NY"
Amity Hall Uptown,American (New),"Upper West Side, New York, NY"
Lafayette,French,"Noho, New York, NY"
Tommy Bahama Restaurant–Bar–Store,American (New),"Midtown East, New York, NY"
Atlantis Prime,Steakhouse,"Herald Square, New York, NY"
Carne Mare,Steakhouse,"The Seaport, New York, NY"
Mamo,Italian,"Soho, New York, NY"
Serra,Italian,"Flatiron District, New York, NY"
Gabriel's Bar & Restaurant,Italian,"Midtown West, New York, NY"
Grand Brasserie,French,"Midtown East, New York, NY"
Da Andrea - Greenwich Village,Italian,"Greenwich Village, New York, NY"
The Ivy Room,American (New),"Nomad, New York, NY"
A La Turka,Turkish,"Upper East Side, New York, NY"
The Otter,Seafood,"Soho, New York, NY"
Tonchin Brooklyn,Japanese / Sushi,"Williamsburg, New York, NY"
Union Square Cafe,American (New),"Gramercy, New York, NY"
Chelsea Ristorante,Italian,"Chelsea, New York, NY"
Arte Cafe,Italian,"Upper West Side, New York, NY"
STK Midtown,Steakhouse,"Midtown West, New York, NY"
The Queensboro,American (Traditional),"Jackson Heights, New York, NY"
French Louie,French,"Boerum Hill, New York, NY"
Molyvos,Greek,"Hells Kitchen, New York, NY"
The Noortwyck,American (New),"West Village, New York, NY"
Dos Caminos Lexington,Mexican,"Midtown East, New York, NY"
Del Frisco's Grille - Brookfield Place,Steakhouse,"Battery Park City, New York, NY"
Dowling’s at The Carlyle,American (Traditional),"Upper East Side, New York, NY"
The Bar Room at The Modern,American (New),"Midtown West, New York, NY"
Naro,Korean,"Midtown West, New York, NY"
Le District Bar & Bistro,French,"Battery Park City, New York, NY"
Masaaki,Japanese / Sushi,"Bayside, New York, NY"
Cafe Zaffri,Middle Eastern,"Union Square, New York, NY"
Blvd Bistro,Soul Food / Southern,"Harlem, New York, NY"
Zou Zou's,Mediterranean,"Hudson Yards, New York, NY"
Peggy's,Eclectic,"Midtown East, New York, NY"
Fogo de Chão Brazilian Steakhouse - World Trade Center,Brazilian,"Lower Manhattan, New York, NY"
Telio,Greek,"Upper West Side, New York, NY"
Noodle Bar - Uptown,Asian Fusion,"Midtown West, New York, NY"
Allora Fifth Ave,Italian,"Nomad, New York, NY"
La Pecora Bianca Upper East Side,Italian,"Upper East Side, New York, NY"
Il Mulino New York | Madison,Italian,"Midtown East, New York, NY"
Paris Bar,French,"Midtown West, New York, NY"
BKK New York,Thai,"Midtown West, New York, NY"
Dhamaka,Indian,"Lower East Side, New York, NY"
Anassa Taverna - Astoria,Greek,"Astoria, New York, NY"
ilili - Midtown,Mediterranean,"Midtown East, New York, NY"
Le Tout Va Bien,French,"Hells Kitchen, New York, NY"
Crazy Pizza,Italian,"Soho, New York, NY"
Murano Ristorante,Italian,"Midtown East, New York, NY"
Amélie - Upper West Side,French,"Upper West Side, New York, NY"
Izakaya Futago,Japanese / Sushi,"Midtown East, New York, NY"
Cha Cha Tang,Chinese,"West Village, New York, NY"
Brasserie Cognac - Midtown East,French,"Midtown East, New York, NY"
Ponty Bistro,French,"Harlem, New York, NY"
Wan Waan,Thai,"Chelsea, New York, NY"
Smith & Mills - Rockefeller Center,American (New),"Midtown West, New York, NY"
Levant on Smith,French,"Carroll Gardens, New York, NY"
Docks Off 5th,Seafood,"Midtown West, New York, NY"
Romeo's Italian Restaurant,Italian,"Jackson Heights, New York, NY"
Renaissance Harlem,American (New),"Harlem, New York, NY"
La Pecora Bianca Bryant Park,Italian,"Midtown West, New York, NY"
Burrito Bar,Mexican,"West Brighton, New York, NY"
Red Room Bar,French,"Lower Manhattan, New York, NY"
Motek,Mediterranean,"Flatiron District, New York, NY"
Markette,Caribbean,"Chelsea, New York, NY"
Arthur & Sons - Murray Hill,Italian,"Murray Hill, New York, NY"
Tinos,Greek,"Upper East Side, New York, NY"
UNGLO Thai Restaurant & Bar,Thai,"Upper West Side, New York, NY"
Pepolino,Italian,"Tribeca, New York, NY"
Casa Louie,Italian,"Hudson Yards, New York, NY"
Barlume,Mediterranean,"Flatiron District, New York, NY"
Saggio,Italian,"Washington Heights, New York, NY"
Mama Mezze,Mediterranean,"Nomad, New York, NY"
Don Cheech,Italian,"Rosebank, New York, NY"
Ralph's Sports Bar,American (New),"Dongan Hills, New York, NY"
Eataly NYC SoHo,Italian,"Soho, New York, NY"
Pico De Gallo Bar & Kitchen,Mexican,"Upper West Side, New York, NY"
Drai's Supper Club,French,"West Village, New York, NY"
Aquarelle,Seafood,"East Village, New York, NY"
City Vineyard,American (New),"Tribeca, New York, NY"
Rosie O'Grady's,American (Traditional),"Times Square/Theatre District, New York, NY"
Bar Bianchi,Italian,"East Village, New York, NY"
Naxos,Greek,"Williamsburg, New York, NY"
El Bistró Tropical,Colombian,"Nomad, New York, NY"
SaiTong Thai,Thai,"Times Square/Theatre District, New York, NY"
Pylos,Greek,"East Village, New York, NY"
8282,Korean,"Lower East Side, New York, NY"
Le Monde,French,"Morningside Heights, New York, NY"
Fogo de Chão Brazilian Steakhouse - Brooklyn,Brazilian,"Downtown Brooklyn, New York, NY"
Bleu Fin,Seafood,"Bushwick, New York, NY"
Stretch Pizza - Park Ave,Pizza,"Flatiron District, New York, NY"
Sea by Jungsik,Thai,"Chelsea, New York, NY"
Reverie,Williamsburg,"nan, New York, NY"
Anassa Taverna - Downtown,Greek,"Battery Park City, New York, NY"
La Pecora Bianca SoHo,Italian,"Soho, New York, NY"
Quality Italian,Italian,"Midtown West, New York, NY"
Code Red Restaurant & Lounge,Caribbean,"Laconia, New York, NY"
Gitano NYC,Mexican,"The Seaport, New York, NY"
American Brass,American (New),"Long Island City, New York, NY"
Pascalou,French,"Upper East Side, New York, NY"
Leon’s,Italian,"Greenwich Village, New York, NY"
Barrio BX,Puerto Rican,"Unionport, New York, NY"
Cathédrale,French,"East Village, New York, NY"
F&J Pine,Italian,"Morris Park, New York, NY"
Mito - Fort Greene,Japanese / Sushi,"Fort Greene, New York, NY"
Poppy,American (New),"East Village, New York, NY"
Surfish Bistro,Peruvian,"Gowanus, New York, NY"
Sistina,Italian,"Upper East Side, New York, NY"
Yefsi Estiatorio,Greek,"Upper East Side, New York, NY"
Mykonian House,Greek,"Upper East Side, New York, NY"
Aqua Roma,Italian,"Flatiron District, New York, NY"
ABC Kitchens DUMBO,American (New),"Dumbo, New York, NY"
Smyth Tavern,American (Traditional),"Tribeca, New York, NY"
Benihana,Japanese / Sushi,"Midtown West, New York, NY"
Saigon Social,Vietnamese,"Lower East Side, New York, NY"
Little Fino,Italian,"Williamsburg, New York, NY"
La Tête d’Or,Steakhouse,"Flatiron District, New York, NY"
Ishq,Indian,"East Village, New York, NY"
Caravaggio,Italian,"Upper East Side, New York, NY"
iNine Bistro,Eclectic,"Mott Haven, New York, NY"
Quality Meats,Steakhouse,"Midtown West, New York, NY"
Bar Chuzo,Latin American,"Bay Ridge, New York, NY"
Amélie - West Village,French,"Greenwich Village, New York, NY"
Liman Restaurant,Mediterranean,"Coney Island, New York, NY"
Catch n' Chop,Steakhouse,"Upper East Side, New York, NY"
Fogo de Chão Brazilian Steakhouse - Elmhurst,Brazilian,"Elmhurst, New York, NY"
Amaranth,Mediterranean,"Upper East Side, New York, NY"
Masalawala & Sons,Indian,"Park Slope, New York, NY"
Jasmine's Caribbean Cuisine,Caribbean,"Times Square/Theatre District, New York, NY"
Sojourn Social,American (New),"Upper East Side, New York, NY"
Maison Passerelle,French,"Lower Manhattan, New York, NY"
Fresco by Scotto,Italian,"Midtown East, New York, NY"
PB Brasserie Steak House,French,"Harlem, New York, NY"
Bar Mercer,Gastropub,"Soho, New York, NY"
The Mermaid Inn - Upper West Side,Seafood,"Upper West Side, New York, NY"
Korali Estiatorio,Greek,"Upper East Side, New York, NY"
Rialto Ristorante,Italian,"Astoria, New York, NY"
Boni & Mott,Mediterranean,"Nolita, New York, NY"
La Pecora Bianca Upper West Side,Italian,"Upper West Side, New York, NY"
Margaux by La Sirène,French,"Murray Hill, New York, NY"