Restaurant,Cuisine,Neighborhood,Address
Gaia,Mediterranean,"Herald Square, New York, NY","42 W 35th St, New York, NY 10001, USA"
Tarallucci e Vino - Upper West Side,Italian,"Upper West Side, New York, NY","475 Columbus Ave, New York, NY 10024, USA"
Prohibition,American (New),"Upper West Side, New York, NY","503 Columbus Ave, New York, NY 10024, USA"
Jacob's Pickles,Soul Food / Southern,"Upper West Side, New York, NY","680 Columbus Ave, New York, NY 10025, USA"
Hasaki,Japanese / Sushi,"East Village, New York, NY","210 E 9th St, New York, NY 10003, USA"
Empellón,Mexican,"Midtown East, New York, NY","510 Madison Ave, New York, NY 10022, USA"
Michael's,American (New),"Midtown West, New York, NY","24 W 55th St, New York, NY 10019, USA"
Qanoon,Middle Eastern,"Chelsea, New York, NY","180 9th Ave, New York, NY 10011, USA"
Hav & Mar,Seafood,"Chelsea, New York, NY","245 11th Ave, New York, NY 10001, USA"
The Sea Fire Grill,Seafood,"Midtown East, New York, NY","158 E 48th St Between 3rd and, The Buchanan, Lexington Ave, New York, NY 10017, USA"
Catria Cucina and Bar,Italian,"Hudson Yards, New York, NY","461 W 34th St. Frnt 1, New York, NY 10001, USA"
Tinto Tapas Restaurant & Wine Bar,Spanish,"Washington Heights, New York, NY","209 Pinehurst Ave, New York, NY 10033, USA"
Off the Hook Raw Bar & Grill,Seafood,"Astoria, New York, NY","28-08 34th St, Astoria, NY 11103, USA"
Little Chef Little Cafe,Filipino,"Long Island City, New York, NY","5-43 48th Ave, Long Island City, NY 11101, USA"
T Bar,American (New),"Upper East Side, New York, NY","116 E 60th St, New York, NY 10022, USA"
Lure Fishbar,Seafood,"Soho, New York, NY","142 Mercer St, New York, NY 10012, USA"
Frankie & Johnnie’s Steakhouse,Steakhouse,"Times Square/Theatre District, New York, NY","320 W 46th St, New York, NY 10036, USA"
Tanoreen,Middle Eastern,"Bay Ridge, New York, NY","7523 3rd Ave, Brooklyn, NY 11209, USA"
Aromi,Italian,"Carroll Gardens, New York, NY","552 Court St, Brooklyn, NY 11231, USA"
La Marchande,French,"Lower Manhattan, New York, NY","88 Wall St, New York, NY 10005, USA"
Beauty & Essex,American (New),"Lower East Side, New York, NY","146 Essex St, New York, NY 10002, USA"
Haven Rooftop,American (New),"Times Square/Theatre District, New York, NY","132 W 47th St, New York, NY 10036, USA"
Zero Otto Nove - Flatiron,Italian,"Flatiron District, New York, NY","15 W 21st St, New York, NY 10010, USA"
Morton's The Steakhouse—World Trade Center,Steakhouse,"Lower Manhattan, New York, NY","136 Washington St, New York, NY 10006, USA"
Bourbon Steak New York,Steakhouse,"Midtown West, New York, NY","160 Central Park S Suite 1101-62, New York, NY 10019, USA"
Tarallucci e Vino - Union Square,Italian,"Union Square, New York, NY","15 E 18th St, New York, NY 10003, USA"
El Coco - Chelsea,Mexican,"Chelsea, New York, NY","202 8th Ave, New York, NY 10011, USA"
Nick's Lobster House,Seafood,"Mill Basin, New York, NY","2777 Flatbush Ave, Brooklyn, NY 11234, USA"
Metropolis,American (New),"Lower Manhattan, New York, NY","Located in, Performing Arts Center, 251 Fulton St, New York, NY 10007, USA"
The Ivory Peacock,Gastropub,"Flatiron District, New York, NY","38 W 26th St, New York, NY 10010, USA"
The Fulton,Seafood,"The Seaport, New York, NY","Northeast corner of Pier 17, 89 South St, New York, NY 10038, USA"
Malii Gramercy,Thai,"Gramercy, New York, NY","391 2nd Ave, New York, NY 10010, USA"
Bixi,Asian Fusion,"Harlem, New York, NY","2164 Frederick Douglass Blvd, New York, NY 10026, USA"
Morandi,Italian,"West Village, New York, NY","211 Waverly Pl, New York, NY 10014, USA"
Carlotto,Italian,"Gramercy, New York, NY","100 E 19th St, New York, NY 10003, USA"
Il Nonno,Italian,"Astoria, New York, NY","25-17 Astoria Blvd, Astoria, NY 11102, USA"
Atrio Wine Bar & Restaurant,American (New),"Battery Park City, New York, NY","102 N End Ave, New York, NY 10282, USA"
A Pasta Bar,Italian,"Soho, New York, NY","330 W Broadway, New York, NY 10013, USA"
Maison Pickle,American (Traditional),"Upper West Side, New York, NY","2315 Broadway, New York, NY 10024, USA"
Aqua Boil,Seafood,"Hells Kitchen, New York, NY","750 9th Ave, New York, NY 10019, USA"
Oceana,Seafood,"Midtown West, New York, NY","120 W 49th St, New York, NY 10020, USA"
Point Seven,Seafood,"Midtown East, New York, NY","200 Park Ave, New York, NY 10166, USA"
The Terrace and Outdoor Gardens,American (New),"Times Square/Theatre District, New York, NY","701 7th Ave 9th floor, New York, NY 10036, USA"
Godunk Thai Street Food,Thai,"Noho, New York, NY","332 Bowery, New York, NY 10012, USA"
Nizza,Italian,"Hells Kitchen, New York, NY","630 9th Ave, New York, NY 10036, USA"
The Wolfe,American (New),"Upper West Side, New York, NY","425 Amsterdam Ave, New York, NY 10024, USA"
Verde on Smith,Italian,"Cobble Hill, New York, NY","216 Smith St, Brooklyn, NY 11201, USA"
Pera Mediterranean Brasserie,Mediterranean,"Murray Hill, New York, NY","303 Madison Ave, New York, NY 10017, USA"
Estiatorio Milos,Seafood,"Midtown West, New York, NY","125 W 55th St, New York, NY 10019, USA"
Champers Social Club,French,"Soho, New York, NY","39 1/2 Crosby St, New York, NY 10012, USA"
Greywind,American (New),"Hudson Yards, New York, NY","451 10th Ave, New York, NY 10018, USA"
Barano,Italian,"Williamsburg, New York, NY","26 Broadway, Brooklyn, NY 11249, USA"
Tuome,American (New),"East Village, New York, NY","536 E 5th St, New York, NY 10009, USA"
Frenchette,French,"Tribeca, New York, NY","241 W Broadway, New York, NY 10013, USA"
Mr Chow New York - Tribeca,Chinese,"Tribeca, New York, NY","121 Hudson St, New York, NY 10013, USA"
Strip House Midtown,Steakhouse,"Midtown West, New York, NY","15 W 44th St, New York, NY 10036, USA"
Taste of India II,Indian,"New Dorp, New York, NY","287 New Dorp Ln, Staten Island, NY 10306, USA"
Pinky Swear,American (New),"Lower East Side, New York, NY","171A Chrystie St, New York, NY 10002, USA"
Sotto la Luna,Italian,"Astoria, New York, NY","34-39 31st St, Astoria, NY 11106, USA"
Ma•dé,Asian Fusion,"Nolita, New York, NY","22 Spring St Apartment 12, New York, NY 10012, USA"
Lele's Roman,Italian,"Boerum Hill, New York, NY","252 Schermerhorn St, Brooklyn, NY 11217, USA"
Café Boulud,French,"Upper East Side, New York, NY","100 E 63rd St, New York, NY 10065, USA"
Calvert's,American (New),"Midtown West, New York, NY","600 W 57th St, New York, NY 10019, USA"
Salt + Charcoal,Steakhouse,"Williamsburg, New York, NY","171 Grand St, Brooklyn, NY 11249, USA"
Gaonnuri,Korean,"Koreatown, New York, NY","32ND STREET ENTRANCE 1250, Broadway 39th Foor, New York, NY 10001, USA"
Meet the Meat,Steakhouse,"Astoria, New York, NY","23-92 21st St, Astoria, NY 11105, USA"
Felice 83,Italian,"Upper East Side, New York, NY","1593 1st Ave, New York, NY 10028, USA"
Sushi Ann,Japanese / Sushi,"Midtown East, New York, NY","38 E 51st St, New York, NY 10022, USA"
Petite Boucherie,French,"West Village, New York, NY","First Floor, 14 Christopher St, New York, NY 10014, USA"
Chez Josephine,French,"Hells Kitchen, New York, NY","414 W 42nd St, New York, NY 10036, USA"
Dos Caminos Meatpacking District,Mexican,"Meatpacking District, New York, NY","675 Hudson St, New York, NY 10014, USA"
Empire Steak House - Midtown West,Steakhouse,"Midtown West, New York, NY","233 W 49th St, New York, NY 10019, USA"
Del Friscos Double Eagle Steakhouse New York,Steakhouse,"Midtown West, New York, NY","1221 Ave of the Americas, New York, NY 10020, USA"
Jue Lan Club,Chinese,"Flatiron District, New York, NY","49 W 20th St, New York, NY 10011, USA"
Limani,Mediterranean,"Midtown West, New York, NY","45 Rockefeller Plaza, New York, NY 10111, USA"
Antica Pesa,Italian,"Williamsburg, New York, NY","115 Berry St, Brooklyn, NY 11249, USA"
Crown Shy,American (New),"Lower Manhattan, New York, NY","70 Pine St Ground Floor, New York, NY 10005, USA"
The Parlour Room,American (New),"Herald Square, New York, NY","70 W 36th St. Front 1b, New York, NY 10018, USA"
La Contenta Oeste,Mexican,"West Village, New York, NY","78 W 11th St, New York, NY 10011, USA"
Passerine,Indian,"Flatiron District, New York, NY","36 E 20th St, New York, NY 10003, USA"
Barawine,French,"Harlem, New York, NY","200 Malcolm X Blvd, New York, NY 10027, USA"
Miriam Brooklyn,Mediterranean,"Park Slope, New York, NY","79 5th Ave, Brooklyn, NY 11217, USA"
David Burke Tavern,American (New),"Upper East Side, New York, NY","135 E 62nd St, New York, NY 10065, USA"
Manuela,American (New),"Soho, New York, NY","130 Prince St, New York, NY 10012, USA"
Tavern on the Green,American (New),"Central Park, New York, NY","Central Park, W 67th St, New York, NY 10023, USA"
Sweet Catch,Seafood,"Prospect Lefferts Gardens, New York, NY","1222 Nostrand Ave, Brooklyn, NY 11225, USA"
Sereneco,American (New),"Greenpoint, New York, NY","113 Franklin St, Brooklyn, NY 11222, USA"
Glass House Tavern,American (New),"Times Square/Theatre District, New York, NY","252 W 47th St #14, New York, NY 10036, USA"
Tasca NYC,Latin American,"Upper West Side, New York, NY","505 Columbus Ave, New York, NY 10024, USA"
Becco,Italian,"Times Square/Theatre District, New York, NY","355 W 46th St, New York, NY 10036, USA"
Rowland's Bar & Grill,Gastropub,"Herald Square, New York, NY","151 W 34th St., New York, NY 10001, USA"
Kashkaval Garden,Mediterranean,"Hells Kitchen, New York, NY","852 9th Ave, New York, NY 10019, USA"
Socarrat Paella Bar - Nolita,Spanish,"Nolita, New York, NY","284 Mulberry St, New York, NY 10012, USA"
Tucci,Italian,"Noho, New York, NY","643 Broadway, New York, NY 10012, USA"
Le Rock,French,"Midtown West, New York, NY","45 Rockefeller Plaza, New York, NY 10111, USA"
Leuca,Italian,"Williamsburg, New York, NY","111 N 12th St, Brooklyn, NY 11249, USA"
City Winery,American (New),"Chelsea, New York, NY","25 11th Ave, New York, NY 10011, USA"
Hudson VU,American (New),"Hells Kitchen, New York, NY","653 11th Ave, New York, NY 10036, USA"
L'Express,French,"Gramercy, New York, NY","249 Park Ave S, New York, NY 10003, USA"
Filé Gumbo Bar,Cajun/Creole,"Tribeca, New York, NY","275 Church St, New York, NY 10013, USA"
5 Napkin Burger - Hell's Kitchen,American (Traditional),"Hells Kitchen, New York, NY","630 9th Ave, New York, NY 10036, USA"
Mesiba,Mediterranean,"Williamsburg, New York, NY","353 Bedford Ave, Brooklyn, NY 11211, USA"
Wagamama - Midtown,Asian Fusion,"Midtown West, New York, NY","100 W 55th St, New York, NY 10019, USA"
Docks Oyster Bar,Seafood,"Midtown East, New York, NY","633 3rd Ave, New York, NY 10017, USA"
Socarrat Paella Bar - Chelsea,Spanish,"Chelsea, New York, NY","259 W 19th St, New York, NY 10011, USA"
Cosme,Mexican,"Flatiron District, New York, NY","35 E 21st St, New York, NY 10010, USA"
Sinigual,Mexican,"Midtown East, New York, NY","640 3rd Ave, Manhattan, NY 10017, USA"
Hupo,Chinese,"Long Island City, New York, NY","10-07 50th Ave, Long Island City, NY 11101, USA"
Club A Steakhouse,Steakhouse,"Midtown East, New York, NY","240 E 58th St, New York, NY 10022, USA"
Mishik,Japanese / Sushi,"Hudson Square, New York, NY","259A Hudson St, New York, NY 10013, USA"
Treadwell Park - Upper East Side,American (Traditional),"Upper East Side, New York, NY","1125 1st Ave, New York, NY 10065, USA"
Rynn Thai Restaurant & Bar,Thai,"East Village, New York, NY","309 E 5th St, New York, NY 10003, USA"
Bananas,American (New),"East Village, New York, NY","174 1st Ave, New York, NY 10009, USA"
Berimbau - Midtown,Brazilian,"Herald Square, New York, NY","3 W 36th St., New York, NY 10018, USA"
Le Rivage,French,"Times Square/Theatre District, New York, NY","340 W 46th St, New York, NY 10036, USA"
Plado Tasting Bar,Mediterranean,"East Village, New York, NY","192 E 2nd St, New York, NY 10009, USA"
Mito - Bayside,Asian Fusion,"Bayside, New York, NY","210-35 26th Ave, Bayside, NY 11360, USA"
Cull & Pistol Oyster Bar,Seafood,"Chelsea, New York, NY","75 9th Ave, New York, NY 10011, USA"
State Grill and Bar,American (Traditional),"Herald Square, New York, NY","21 W 33rd St, New York, NY 10118, USA"
Tarallucci e Vino - NoMad,Italian,"Nomad, New York, NY","44 E 28th St, New York, NY 10016, USA"
Il Fiorista,Mediterranean,"Nomad, New York, NY","17 W 26th St, New York, NY 10010, USA"
Perry Street,American (New),"West Village, New York, NY","Perry St, New York, NY 10014, USA"
Fogo de Chão Brazilian Steakhouse,Brazilian,"Midtown West, New York, NY","40 W 53rd St, New York, NY 10019, USA"
Tao Uptown,Pan-Asian,"Midtown East, New York, NY","42 E 58th St, New York, NY 10022, USA"
Barbounia,Mediterranean,"Gramercy, New York, NY","250 Park Ave S, New York, NY 10003, USA"
Recette,French,"Williamsburg, New York, NY","103 Havemeyer St, Brooklyn, NY 11211, USA"
Dos Caminos Times Square,Mexican,"Times Square/Theatre District, New York, NY","1567 Broadway, New York, NY 10036, USA"
Playa Betty's,Mexican,"Upper West Side, New York, NY","320 Amsterdam Ave, New York, NY 10023, USA"
Trapizzino,Italian,"Lower East Side, New York, NY","144 Orchard St, New York, NY 10002, USA"
Oceans,Seafood,"Gramercy, New York, NY","233 Park Ave S, New York, NY 10003, USA"
Reyna,Mediterranean,"Union Square, New York, NY","11 E 13th St, New York, NY 10003, USA"
Blackbarn,American (New),"Nomad, New York, NY","19 E 26th St, New York, NY 10010, USA"
Le Pavillon,French,"Midtown East, New York, NY","One Vanderbilt Ave, New York, NY 10017, USA"
La Voglia,Italian,"Upper East Side, New York, NY","1645 3rd Ave, New York, NY 10128, USA"
Pasta Louise,Italian,"Park Slope, New York, NY","1114 8th Ave, Brooklyn, NY 11215, USA"
Iris,Greek,"Midtown West, New York, NY","1740 Broadway, New York, NY 10019, USA"
RA Sushi Bar Restaurant – Times Square,Japanese / Sushi,"Times Square/Theatre District, New York, NY","229 W 43rd St, New York, NY 10036, USA"
No Work Allowed,Asian Fusion,"Midtown East, New York, NY","235 E 53rd St Basement, New York, NY 10022, USA"
Brooklyn Chop House - Times Square,Asian Fusion,"Times Square/Theatre District, New York, NY","253 W 47th St, New York, NY 10036, USA"
Dinosaur Bar-B-Que - Harlem,Barbecue,"Harlem, New York, NY","700 W 125th St, New York, NY 10027, USA"
Lido,Italian,"Harlem, New York, NY","2168 Frederick Douglass Blvd, New York, NY 10026, USA"
Red Rooster Harlem,Soul Food / Southern,"Harlem, New York, NY","310 Lenox Ave, New York, NY 10027, USA"
ABC Kitchen,American (New),"Union Square, New York, NY","35 E 18th St, New York, NY 10003, USA"
The Library at The Public,American (New),"Noho, New York, NY","425 Lafayette St, New York, NY 10003, USA"
Neir's Tavern,American (Traditional),"Woodhaven, New York, NY","87-48 78th St, Woodhaven, NY 11421, USA"
Tha Phraya,Thai,"Upper East Side, New York, NY","1553 2nd Ave, New York, NY 10028, USA"
La Grande Boucherie,French,"Midtown West, New York, NY","145 W 53rd St, New York, NY 10019, USA"
Fish Cheeks,Thai,"Noho, New York, NY","55 Bond St, New York, NY 10012, USA"
Yama Ramen,Japanese / Sushi,"Midtown West, New York, NY","60 W 48th St, New York, NY 10036, USA"
Broadway Lounge,American (New),"Times Square/Theatre District, New York, NY","1535 Broadway, New York, NY 10036, USA"
The Dutch,American (New),"Soho, New York, NY","131 Sullivan St, New York, NY 10012, USA"
Kissaki,Japanese / Sushi,"East Village, New York, NY","319 Bowery, New York, NY 10003, USA"
Socarrat Paella Bar - Midtown East,Spanish,"Midtown East, New York, NY","953 2nd Ave, New York, NY 10022, USA"
Crave Fishbar - Midtown,Seafood,"Midtown East, New York, NY","945 2nd Ave, New York, NY 10022, USA"
Kings of Kobe,Steakhouse,"Hells Kitchen, New York, NY","650 W 42nd St, New York, NY 10036, USA"
Sake No Hana,Japanese / Sushi,"Lower East Side, New York, NY","145 Bowery, New York, NY 10002, USA"
Bar Sprezzatura,Italian,"Times Square/Theatre District, New York, NY","251 W 48th St, New York, NY 10036, USA"
Wagamama - Murray Hill,Asian Fusion,"Murray Hill, New York, NY","605 3rd Ave, New York, NY 10158, USA"
Bottino,Italian,"Chelsea, New York, NY","246 10th Ave, New York, NY 10001, USA"
Noreetuh,Hawaiian,"East Village, New York, NY","128 1st Ave, New York, NY 10009, USA"
Twin Tails,Thai,"Upper West Side, New York, NY","10 Columbus Cir 3rd Floor, New York, NY 10019, USA"
Charlie Palmer Steak IV,Steakhouse,"Times Square/Theatre District, New York, NY","The Knickerbocker Hotel, 6 Times Sq 4th floor, New York, NY 10036, USA"
Ocean Prime,Seafood,"Midtown West, New York, NY","123 W 52nd St, New York, NY 10019, USA"
La Gioconda,Italian,"Midtown East, New York, NY","226 E 53rd St, New York, NY 10022, USA"
Chez Nick,American (New),"Upper East Side, New York, NY","1737 York Ave, New York, NY 10128, USA"
Oda House - Manhattan,Eastern European,"Upper East Side, New York, NY","406 E 73rd St, New York, NY 10021, USA"
Sarabeth's Central Park South,American (New),"Midtown West, New York, NY","40 Central Park S Located in: 40 West 59th Street Condominium, New York, NY 10019, USA"
Stout NYC Grand Central,American (Traditional),"Murray Hill, New York, NY","60 E 41st St, New York, NY 10017, USA"
Crave Fishbar - Upper West Side,Seafood,"Upper West Side, New York, NY","428 Amsterdam Ave, New York, NY 10024, USA"
Monterey,American (New),"Midtown East, New York, NY","37 E 50th St, New York, NY 10022, USA"
Delmonico's,Steakhouse,"Lower Manhattan, New York, NY","56 Beaver St, New York, NY 10004, USA"
Kyma,Greek,"Flatiron District, New York, NY","15 W 18th St, New York, NY 10011, USA"
Comal,Mexican,"Lower East Side, New York, NY","116 Forsyth St, New York, NY 10002, USA"
Danji,Korean,"Hells Kitchen, New York, NY","346 W 52nd St, New York, NY 10019, USA"
Pomp & Circumstance,Mediterranean,"Williamsburg, New York, NY","577 Lorimer St, Brooklyn, NY 11211, USA"
Sabai Thai,Thai,"Nomad, New York, NY","432 Park Ave S, New York, NY 10016, USA"
Olio e Più,Italian,"West Village, New York, NY","3 Greenwich Ave, New York, NY 10014, USA"
Meadowsweet,American (New),"Williamsburg, New York, NY","149 Broadway, Brooklyn, NY 11211, USA"
Indochine,Vietnamese,"Noho, New York, NY","430 Lafayette St, New York, NY 10003, USA"
Melba’s,Soul Food / Southern,"Harlem, New York, NY","300 W 114th St, New York, NY 10026, USA"
Moono,Korean,"Koreatown, New York, NY","29 E 32nd St, New York, NY 10016, USA"
Ophelia Lounge NYC,American (New),"Midtown East, New York, NY","3 Mitchell Pl 26th floor, New York, NY 10017, USA"
Baires Grill New York,Argentinian,"Hells Kitchen, New York, NY","350 W 50th St, New York, NY 10019, USA"
Mezze on the River,American (Traditional),"Lower Manhattan, New York, NY","375 S End Ave, New York, NY 10280, USA"
Bobo,French,"West Village, New York, NY","181 W 10th St, New York, NY 10014, USA"
Maya,Mexican,"Upper East Side, New York, NY","1191 1st Ave, New York, NY 10065, USA"
One Dine,American (New),"Lower Manhattan, New York, NY","117 West St, New York, NY 10007, USA"
Four Twenty Five,American (New),"Midtown East, New York, NY","425 Park Ave, New York, NY 10022, USA"
Chazz Palminteri Italian Restaurant,Italian,"Midtown West, New York, NY","30 W 46th St, New York, NY 10036, USA"
STK Downtown,Steakhouse,"Meatpacking District, New York, NY","26 Little W 12th St, New York, NY 10014, USA"
Il Falco,Italian,"Long Island City, New York, NY","21-50 44th Dr, Long Island City, NY 11101, USA"
Osteria 57,Italian,"Greenwich Village, New York, NY","453 6th Ave, New York, NY 10011, USA"
The Lodge Bar by Stout NYC at Bryant Park,Italian,"Midtown West, New York, NY","109 W 39th St, New York, NY 10018, USA"
Ci Siamo,Italian,"Chelsea, New York, NY","440 W 33rd St Suite #100, New York, NY 10001, USA"
Maisonetta,Mexican,"Mott Haven, New York, NY","141 Lincoln Ave, Bronx, NY 10454, USA"
Amali,Mediterranean,"Upper East Side, New York, NY","115 E 60th St, New York, NY 10022, USA"
Pulperia Latin Mediterranean Kitchen,Mediterranean,"Times Square/Theatre District, New York, NY","338 W 46th St, New York, NY 10036, USA"
Le Gratin,French,"Lower Manhattan, New York, NY","5 Beekman St, New York, NY 10038, USA"
Oscar Wilde,American (New),"Nomad, New York, NY","45 W 27th St, New York, NY 10001, USA"
Mable's Smokehouse and Banquet Hall,Barbecue,"Williamsburg, New York, NY","44 Berry St, Brooklyn, NY 11249, USA"
Craft,American (New),"Gramercy, New York, NY","43 E 19th St, New York, NY 10003, USA"
Seawolf - Bushwick,Seafood,"Bushwick, New York, NY","19 Wyckoff Ave, Brooklyn, NY 11237, USA"
Morton's The Steakhouse—Manhattan,Steakhouse,"Midtown East, New York, NY","551 5th Ave, New York, NY 10017, USA"
Raval Steakhouse,Steakhouse,"Tompkinsville, New York, NY","12 Minthorne St, Staten Island, NY 10301, USA"
Sungold,American (New),"Williamsburg, New York, NY","96 Wythe Ave, Brooklyn, NY 11249, USA"
Carmine's - Upper West Side,Italian,"Upper West Side, New York, NY","2450 Broadway, New York, NY 10024, USA"
Momofuku Noodle Bar,Asian Fusion,"East Village, New York, NY","171 1st Ave, New York, NY 10003, USA"
Leonetta,Mediterranean,"Murray Hill, New York, NY","181 Lexington Ave, New York, NY 10016, USA"
Bryant Park Grill,American (Traditional),"Midtown West, New York, NY","25 W 40th St, New York, NY 10018, USA"
Legasea,American (New),"Garment District, New York, NY","485 7th Ave, New York, NY 10018, USA"
Riverpark,American (New),"Kips Bay, New York, NY","440-450 E 29th St, New York, NY 10016, USA"
Steak Frites Bistro,French,"Garment District, New York, NY","496 9th Ave, New York, NY 10018, USA"
The Chemistry Room,Japanese / Sushi,"Times Square/Theatre District, New York, NY","130 W 47th St, New York, NY 10036, USA"
Wallsé,Austrian,"West Village, New York, NY","344 W 11th St, New York, NY 10014, USA"
Stout NYC Bryant Park,American (Traditional),"Garment District, New York, NY","109 W 39th St, New York, NY 10018, USA"
Blue Fin,Seafood,"Times Square/Theatre District, New York, NY","1567 Broadway, New York, NY 10036, USA"
Giorgio's of Gramercy,American (New),"Gramercy, New York, NY","27 E 21st St, New York, NY 10010, USA"
Mastro's Steakhouse NYC,Steakhouse,"Midtown West, New York, NY","1285 6th Ave, New York, NY 10019, USA"
Hawksmoor,Steakhouse,"Gramercy, New York, NY","109 E 22nd St, New York, NY 10010, USA"
Langan's,American (New),"Times Square/Theatre District, New York, NY","114 W 47th St, New York, NY 10036, USA"
abcV,American (New),"Flatiron District, New York, NY","38 E 19th St, New York, NY 10003, USA"
Skinos,Mediterranean,"Lower Manhattan, New York, NY","123 Washington St, New York, NY 10006, USA"
Sant Ambroeus—Brookfield,Italian,"Battery Park City, New York, NY","230 Vesey St, New York, NY 10080, USA"
JoJo,American (New),"Upper East Side, New York, NY","160 E 64th St, New York, NY 10065, USA"
Akoya,Japanese / Sushi,"Times Square/Theatre District, New York, NY","6 Times Sq, New York, NY 10036, USA"
Fandi Mata,Mediterranean,"Williamsburg, New York, NY","74 Bayard St, Brooklyn, NY 11222, USA"
Via 13,Italian,"West Village, New York, NY","140 W 13th St, New York, NY 10011, USA"
Rosemary's Midtown,Italian,"Midtown East, New York, NY","825 3rd Ave, New York, NY 10022, USA"
La Sirene UWS,French,"Upper West Side, New York, NY","416 Amsterdam Ave, New York, NY 10024, USA"
Coqodaq,Korean,"Flatiron District, New York, NY","12 E 22nd St, New York, NY 10010, USA"
Bad Roman,Italian,"Upper West Side, New York, NY","3rd floor, 10 Columbus Cir, New York, NY 10019, USA"
Bocca Di Bacco—Chelsea,Italian,"Chelsea, New York, NY","169 9th Ave, New York, NY 10011, USA"
Maizal,Mexican,"Rosebank, New York, NY","990 Bay St, Staten Island, NY 10305, USA"
Siren Oyster Bar & Restaurant,Seafood,"South Slope, New York, NY","687 5th Ave, Brooklyn, NY 11215, USA"
Society Cafe,American (New),"Greenwich Village, New York, NY","52 W 13th St, New York, NY 10011, USA"
Koi New York,Japanese / Sushi,"Midtown West, New York, NY","40 W 40th St, New York, NY 10018, USA"
Rossini's,Italian,"Murray Hill, New York, NY","108 E 38th St, New York, NY 10016, USA"
Mae Mae Cafe & Plant Shop,Eclectic,"Mott Haven, New York, NY","2417 Third Ave, Bronx, NY 10451, USA"
Palermo Argentinian Bistro - Gramercy,Argentinian,"Gramercy, New York, NY","53 Irving Pl, New York, NY 10003, USA"
Mission Ceviche - Union Square,Peruvian,"Union Square, New York, NY","7 E 17th St, New York, NY 10003, USA"
Mission Ceviche - Upper East Side,Peruvian,"Upper East Side, New York, NY","1400 2nd Ave, New York, NY 10021, USA"
Dinner Party,American (New),"Clinton Hill, New York, NY","274 Hall St, Brooklyn, NY 11205, USA"
Panda Harlem,Chinese,"Harlem, New York, NY","2331 12th Ave, New York, NY 10027, USA"
Wagamama - Nomad/Flatiron,Asian Fusion,"Flatiron District, New York, NY","210 fifth avenue at, W 26th St, New York, NY 10010, USA"
Barbetta,Italian,"Times Square/Theatre District, New York, NY","321 W 46th St, New York, NY 10036, USA"
Ai Fiori,Italian,"Midtown West, New York, NY","400 5th Ave #2, New York, NY 10018, USA"
Hutong,Chinese,"Midtown East, New York, NY","Inside Beacon Courtyard, 731 Lexington Ave, New York, NY 10022, USA"
Audace,Italian,"Nomad, New York, NY","365 Park Ave S, New York, NY 10016, USA"
Kubeh,Middle Eastern,"Greenwich Village, New York, NY","464 6th Ave, New York, NY 10011, USA"
The Dram Shop Bar,American (Traditional),"Park Slope, New York, NY","339 9th St, Brooklyn, NY 11215, USA"
Kellari Taverna,Greek,"Midtown West, New York, NY","19 W 44th St, New York, NY 10036, USA"
Le B.,French,"West Village, New York, NY","283 W 12th St, New York, NY 10014, USA"
Ben & Jack's 44th Street,Steakhouse,"Midtown East, New York, NY","219 E 44th St, New York, NY 10017, USA"
Mr Chow New York - 57th Street,Chinese,"Midtown East, New York, NY","324 E 57th St, New York, NY 10022, USA"
Luigi's,Italian,"New Hyde Park, New York, NY","265-21 Union Tpke, Queens, NY 11040, USA"
When in Bangkok,Thai,"Flushing, New York, NY","161-16 Northern Blvd, Flushing, NY 11358, USA"
Warren Street Bar & Restaurant,American (New),"Tribeca, New York, NY","86 Warren St, New York, NY 10007, USA"
Obao Midtown East,Thai,"Midtown East, New York, NY","222 E 53rd St, New York, NY 10022, USA"
The Half Pint,Gastropub,"Greenwich Village, New York, NY","76 W 3rd St, New York, NY 10012, USA"
Felice Montague,Italian,"Brooklyn Heights, New York, NY","84 Montague St, Brooklyn, NY 11201, USA"
Tuscan Hills,Italian,"Forest Hills, New York, NY","110-60 Queens Blvd, Forest Hills, NY 11375, USA"
Da Andrea - Chelsea,Italian,"Chelsea, New York, NY","160 8th Ave, New York, NY 10011, USA"
Felice on Hudson,Italian,"West Village, New York, NY","615 Hudson St, New York, NY 10014, USA"
La Masseria,Italian,"Times Square/Theatre District, New York, NY","235 W 48th St, New York, NY 10036, USA"
Bocca Di Bacco—Theatre District,Italian,"Hells Kitchen, New York, NY","635 9th Ave, New York, NY 10036, USA"
Kimika,Eclectic,"Nolita, New York, NY","40 Kenmare St, New York, NY 10012, USA"
Sushi of Gari 46,Japanese / Sushi,"Times Square/Theatre District, New York, NY","347 W 46th St, New York, NY 10036, USA"
Bar Milano by Eataly,Italian,"Flatiron District, New York, NY","200 5th Ave, New York, NY 10010, USA"
The Shell Seafood Kitchen,Mediterranean,"Upper West Side, New York, NY","635 Amsterdam Ave, New York, NY 10025, USA"
Flava of the Bronx,Caribbean,"Woodstock, New York, NY","3114 Third Ave, Bronx, NY 10451, USA"
Ammos Estiatorio - Grand Central,Mediterranean,"Midtown East, New York, NY","52 Vanderbilt Ave, New York, NY 10017, USA"
ABC Cocina,Latin American,"Union Square, New York, NY","38 E 19th St, New York, NY 10003, USA"
Veselka,Ukrainian,"East Village, New York, NY","144 2nd Ave, New York, NY 10003, USA"
Patrick's on the Hill,Caribbean,"Hamilton Heights, New York, NY","1627-1635 Amsterdam Ave, New York, NY 10031, USA"
Felice 15 Gold Street,Italian,"Lower Manhattan, New York, NY","15 Gold St, New York, NY 10038, USA"
Stout NYC Financial District,American (Traditional),"Lower Manhattan, New York, NY","90 John St, New York, NY 10038, USA"
Cuna NYC,Mexican,"East Village, New York, NY","25 Cooper Sq, New York, NY 10003, USA"
Jade Eatery & Lounge,Asian Fusion,"Forest Hills, New York, NY","1 Station Square #2, Forest Hills, NY 11375, USA"
Brass & the Tusk Bar,American (New),"Nomad, New York, NY","7 E 27th St, New York, NY 10016, USA"
Sei Less,Chinese,"Garment District, New York, NY","156 W 38th St, New York, NY 10018, USA"
Mark's Off Madison,Italian,"Nomad, New York, NY","41 Madison Ave Ground Level, New York, NY 10010, USA"
Benjamin Prime,Steakhouse,"Murray Hill, New York, NY","23 E 40th St, Between Madison &, Park Ave, New York, NY 10016, USA"
Havana Central,Cuban,"Times Square/Theatre District, New York, NY","151 W 46th St, New York, NY 10036, USA"
Red Hook Lobster Pound,Seafood,"Red Hook, New York, NY","284 Van Brunt St, Brooklyn, NY 11231, USA"
Le Fleur Rouge,Chinese,"Park Slope, New York, NY","392 5th Ave, Brooklyn, NY 11215, USA"
Mito - Forest Hills,Japanese / Sushi,"Forest Hills, New York, NY","64-18 108th St, Forest Hills, NY 11375, USA"
Benoit Restaurant & Wine Bar,French,"Midtown West, New York, NY","60 W 55th St, New York, NY 10019, USA"
Manhatta,American (New),"Lower Manhattan, New York, NY","28 Liberty St 60th floor, New York, NY 10005, USA"
Lore,Eclectic,"South Slope, New York, NY","441 7th Ave, Brooklyn, NY 11215, USA"
Sushi Sen-Nin,Japanese / Sushi,"Murray Hill, New York, NY","30 E 33rd St, New York, NY 10016, USA"
Indian Table,Indian,"Cobble Hill, New York, NY","234 Court St, Brooklyn, NY 11201, USA"
Smith & Wollensky,Steakhouse,"Midtown East, New York, NY","797 3rd Ave, New York, NY 10022, USA"
Urban Cove Society & Kitchen,American (New),"The Seaport, New York, NY","33 Peck Slip, New York, NY 10038, USA"
The Independent,American (New),"Times Square/Theatre District, New York, NY","147 W 40th St, New York, NY 10018, USA"
HanGawi,Korean,"Koreatown, New York, NY","12 E 32nd St, New York, NY 10016, USA"
The Flatiron Room - NoMad,American (New),"Nomad, New York, NY","37 W 26th St, New York, NY 10010, USA"
Zoì Mediterranean NoMad,Mediterranean,"Koreatown, New York, NY","19 W 31st St, New York, NY 10001, USA"
Miriam Upper West Side,Mediterranean,"Upper West Side, New York, NY","300 Amsterdam Ave, New York, NY 10023, USA"
Park Ave Kitchen by David Burke,American (New),"Midtown East, New York, NY","514 Lexington Ave, New York, NY 10017, USA"
Junoon,Indian,"Flatiron District, New York, NY","19 W 24th St, New York, NY 10010, USA"
Nami Nori - Williamsburg,Japanese / Sushi,"Williamsburg, New York, NY","236 N 12th St, Brooklyn, NY 11211, USA"
Felice 64,Italian,"Upper East Side, New York, NY","1166 1st Ave, New York, NY 10065, USA"
Bar56,American (New),"Dumbo, New York, NY","53 Water St, Brooklyn, NY 11201, USA"
The Russian Tea Room,Continental,"Midtown West, New York, NY","150 W 57th St, New York, NY 10019, USA"
Balade,Middle Eastern,"East Village, New York, NY","208 1st Ave, New York, NY 10009, USA"
Pastai,Italian,"Chelsea, New York, NY","186 9th Ave, New York, NY 10011, USA"
Essex,Steakhouse,"Lower East Side, New York, NY","124 Rivington St, New York, NY 10002, USA"
Chela,Mexican,"Park Slope, New York, NY","408 5th Ave, Brooklyn, NY 11215, USA"
Pappardella,Italian,"Upper West Side, New York, NY","316 Columbus Ave, New York, NY 10023, USA"
Central Park Boathouse,Continental,"Central Park, New York, NY","EAST 72ND ST +, Center Dr, New York, NY 10021, USA"
Alta Calidad,Mexican,"Prospect Heights, New York, NY","552 Vanderbilt Ave, Brooklyn, NY 11238, USA"
Dagon,Mediterranean,"Upper West Side, New York, NY","2454 Broadway, New York, NY 10024, USA"
The Ribbon—Upper West Side,American (New),"Upper West Side, New York, NY","20 W 72nd St, New York, NY 10023, USA"
Mokyo,Korean,"East Village, New York, NY","109 St Marks Pl, New York, NY 10009, USA"
Barbalu Bklyn,Italian,"Boerum Hill, New York, NY","68 Bergen St, Brooklyn, NY 11201, USA"
Dirty French,French,"Lower East Side, New York, NY","180 Ludlow St, New York, NY 10002, USA"
Nar Restaurant,Mediterranean,"Flatiron District, New York, NY","34 E 20th St #3, New York, NY 10003, USA"
Pete's Tavern,American (Traditional),"Gramercy, New York, NY","129 E 18th St, New York, NY 10003, USA"
1803 NYC,Cajun/Creole,"Tribeca, New York, NY","82 Reade St, New York, NY 10007, USA"
Tudor City Steakhouse,Steakhouse,"Midtown East, New York, NY","45 Tudor City Pl, New York, NY 10017, USA"
The Palm - Midtown,Steakhouse,"Times Square/Theatre District, New York, NY","250 W 50th St, New York, NY 10019, USA"
Boucherie West Village,French,"West Village, New York, NY","99 7th Ave S, New York, NY 10014, USA"
Il Carino,Italian,"Upper East Side, New York, NY","1710 2nd Ave, New York, NY 10128, USA"
Kyma Hudson Yards,Greek,"Hudson Yards, New York, NY","445 W 35th St, New York, NY 10001, USA"
Virgil's Real BBQ - Times Square,Barbecue,"Times Square/Theatre District, New York, NY","152 W 44th St, New York, NY 10036, USA"
Bar Primi - Bowery,Italian,"East Village, New York, NY","325 Bowery, New York, NY 10003, USA"
Benny John's Bar and Grill,Steakhouse,"Midtown East, New York, NY","8 E 48th St, New York, NY 10017, USA"
Frenchman's Dough,Italian,"The Seaport, New York, NY","96 South St, New York, NY 10038, USA"
T. Brasserie,French,"The Seaport, New York, NY","96 South St, New York, NY 10038, USA"
Le Basque,French,"Union Square, New York, NY","15 Union Square W, New York, NY 10003, USA"
Quality Bistro,French,"Midtown West, New York, NY","120 W 55th St, New York, NY 10019, USA"
Villa Berulia,Italian,"Murray Hill, New York, NY","107 E 34th St, New York, NY 10016, USA"
Gran Morsi,Italian,"Tribeca, New York, NY","22 Warren St, New York, NY 10007, USA"
Catch NYC,Seafood,"Meatpacking District, New York, NY","21 9th Ave, New York, NY 10014, USA"
Jazba,Indian,"East Village, New York, NY","207 2nd Ave, New York, NY 10003, USA"
Bocca Di Bacco—Hell's Kitchen,Italian,"Hells Kitchen, New York, NY","836 9th Ave, New York, NY 10019, USA"
Obao Hell's Kitchen,Thai,"Hells Kitchen, New York, NY","647 9th Ave, New York, NY 10036, USA"
Pera SoHo,Mediterranean,"Soho, New York, NY","54 Thompson Street, corner of, Broome St, New York, NY 10012, USA"
Wayward Fare,Italian,"Prospect Heights, New York, NY","554 Vanderbilt Ave, Brooklyn, NY 11238, USA"
Bond 45,Italian,"Times Square/Theatre District, New York, NY","221 W 46th St, New York, NY 10036, USA"
Bar Primi - Penn District,Italian,"Chelsea, New York, NY","349 W 33rd St, New York, NY 10001, USA"
BOTA Supper Club,American (New),"St. George, New York, NY","402 St Marks Pl, Staten Island, NY 10301, USA"
Nudibranch,Korean,"East Village, New York, NY","125 1st Ave, New York, NY 10003, USA"
Burger & Lobster Bryant Park,Seafood,"Times Square/Theatre District, New York, NY","132 W 43rd St, New York, NY 10036, USA"
Marseille,French,"Hells Kitchen, New York, NY","630 9th Ave, New York, NY 10036, USA"
Hearth,Italian,"East Village, New York, NY","403 E 12th St, New York, NY 10009, USA"
Dagg Thai,Thai,"Murray Hill, New York, NY","10 E 39th St, New York, NY 10016, USA"
La Pecora Bianca NoMad,Italian,"Nomad, New York, NY","1133 Broadway, New York, NY 10010, USA"
Nice Matin,French,"Upper West Side, New York, NY","201 W 79th St, New York, NY 10024, USA"
Trattoria Dell'Arte,Italian,"Midtown West, New York, NY","900 7th Ave, New York, NY 10106, USA"
Francie,American (New),"Williamsburg, New York, NY","136 Broadway, Brooklyn, NY 11249, USA"
Momoya Soho,Japanese / Sushi,"Nolita, New York, NY","47 Prince St, New York, NY 10012, USA"
Hunt & Fish Club NYC,Steakhouse,"Times Square/Theatre District, New York, NY","125 W 44th St, New York, NY 10036, USA"
Scarpetta,Italian,"Nomad, New York, NY","88 Madison Ave, New York, NY 10016, USA"
Rosevale Cocktail Room,American (New),"Hells Kitchen, New York, NY","305 W 48th St 2nd Floor, New York, NY 10036, USA"
Travelers Poets & Friends,Italian,"West Village, New York, NY","457 6th Ave, New York, NY 10011, USA"
Il Mulino Prime | Soho,Steakhouse,"Soho, New York, NY","331 W Broadway, New York, NY 10013, USA"
Wabi Nori,Japanese / Sushi,"Lower East Side, New York, NY","115 Essex St, New York, NY 10002, USA"
Heritage Grand Bakery,Mediterranean,"Midtown West, New York, NY","8 W 40th St, New York, NY 10018, USA"
Vino &... - Eataly NYC Downtown,Italian,"Lower Manhattan, New York, NY","101 Liberty St, New York, NY 10006, USA"
Crave Fishbar - Upper East Side,Seafood,"Upper East Side, New York, NY","1462 2nd Ave, New York, NY 10075, USA"
The Greenhouse Cafe,American (New),"Bay Ridge, New York, NY","7717 3rd Ave, Brooklyn, NY 11209, USA"
Robert,American (New),"Midtown West, New York, NY","2 Columbus Cir, New York, NY 10019, USA"
Rosemary's West Village,Italian,"West Village, New York, NY","18 Greenwich Ave, New York, NY 10011, USA"
The Stand,Italian,"Union Square, New York, NY","116 E 16th St, New York, NY 10003, USA"
Schilling,Austrian,"Lower Manhattan, New York, NY","109 Washington St, New York, NY 10006, USA"
Olio e Più Bryant Park,Italian,"Midtown West, New York, NY","5 Bryant Pk, New York, NY 10018, USA"
Rosemary's East,Italian,"Gramercy, New York, NY","350 1st Ave, New York, NY 10010, USA"
Miriam West Village,Mediterranean,"West Village, New York, NY","140 7th Ave S, New York, NY 10014, USA"
Sagaponack,Seafood,"Flatiron District, New York, NY","4 W 22nd St, New York, NY 10010, USA"
Zoì Mediterranean UES,Mediterranean,"Upper East Side, New York, NY","1480 2nd Ave, New York, NY 10075, USA"
Parklife,Mexican,"Gowanus, New York, NY","636 Degraw St, Brooklyn, NY 11217, USA"
Jing Li,Chinese,"Long Island City, New York, NY","27-35 Jackson Ave, Long Island City, NY 11101, USA"
Casa Brazilian,Brazilian,"Tribeca, New York, NY","157 Duane St, New York, NY 10013, USA"
Wayan,Asian Fusion,"Nolita, New York, NY","20 Spring St, New York, NY 10012, USA"
Sempre Oggi,Italian,"Upper West Side, New York, NY","164 W 75th St, New York, NY 10023, USA"
Strip House Downtown,Steakhouse,"Greenwich Village, New York, NY","13 E 12th St, New York, NY 10003, USA"
Vallata,Italian,"Gramercy, New York, NY","47 E 19th St, New York, NY 10003, USA"
Dante,Italian,"Greenwich Village, New York, NY","79-81 MacDougal St, New York, NY 10012, USA"
ofCorsica,Mediterranean,"Chelsea, New York, NY","25 11th Ave, New York, NY 10011, USA"
Cafe D'Alsace,French,"Upper East Side, New York, NY","1703 2nd Ave, New York, NY 10128, USA"
Kyu NYC,Asian Fusion,"Noho, New York, NY","324 Lafayette St, New York, NY 10012, USA"
Le Jardinier,French,"Midtown East, New York, NY","610 Lexington Ave, New York, NY 10022, USA"
The Paris Cafe,French,"The Seaport, New York, NY","119 South Street, 119 Peck Slip, New York, NY 10038, USA"
AperiBar,Italian,"Times Square/Theatre District, New York, NY","LUMA Hotel Times Square, 120 W 41st St, New York, NY 10036, USA"
Kraam,Thai,"Nomad, New York, NY","254 5th Ave, New York, NY 10001, USA"
American Cut Tribeca,Steakhouse,"Tribeca, New York, NY","363 Greenwich St, New York, NY 10013, USA"
Hard Rock Cafe,American (Traditional),"Times Square/Theatre District, New York, NY","1501 Broadway, New York, NY 10036, USA"
Lattanzi Cucina Italiana,Italian,"Times Square/Theatre District, New York, NY","361 W 46th St, New York, NY 10036, USA"
Jupiter,Italian,"Midtown West, New York, NY","Rink Level, 20 W 50th St, New York, NY 10020, USA"
Patsy's Italian Restaurant,Italian,"Midtown West, New York, NY","236 W 56th St, New York, NY 10019, USA"
Masseria Dei Vini,Italian,"Hells Kitchen, New York, NY","887 9th Ave, New York, NY 10019, USA"
Restaurant Nippon,Japanese / Sushi,"Midtown East, New York, NY","155 E 52nd St, New York, NY 10022, USA"
Cut,Steakhouse,"Lower Manhattan, New York, NY","99 Church St, New York, NY 10007, USA"
Altesi Downtown,Italian,"Soho, New York, NY","200 Spring St, New York, NY 10012, USA"
Naks,East Village,"nan, New York, NY","201 1st Ave, New York, NY 10003, USA"
Eléa,Greek,"Upper West Side, New York, NY","217 W 85th St, New York, NY 10024, USA"
The Long Room,Irish,"Times Square/Theatre District, New York, NY","120 W 44th St, New York, NY 10036, USA"
Del Frisco's Grille,Steakhouse,"Midtown West, New York, NY","50 Rockefeller Plaza, New York, NY 10020, USA"
Palo Santo,Latin American,"Park Slope, New York, NY","652 Union St, Brooklyn, NY 11215, USA"
Industry Kitchen,American (New),"The Seaport, New York, NY","70 South St, New York, NY 10005, USA"
Sushi Lab Rooftop,Japanese / Sushi,"Times Square/Theatre District, New York, NY","132 W 47th St, New York, NY 10036, USA"
Empire Steak House - Midtown East,Steakhouse,"Midtown East, New York, NY","151 E 50th St, New York, NY 10022, USA"
Sicily Osteria,Italian,"Times Square/Theatre District, New York, NY","328-330 W 46th St, New York, NY 10036, USA"
Nick + Stef's Steakhouse,Steakhouse,"Midtown West, New York, NY","9 Pennsylvania Plaza, New York, NY 10001, USA"
Bonsaii Tapas & Wine Bar,Continental,"Midtown East, New York, NY","127 E 55th St, New York, NY 10022, USA"
The Dynamo Room,Steakhouse,"Chelsea, New York, NY","2 Pennsylvania Plaza, New York, NY 10121, USA"
Nino's,Italian,"Midtown East, New York, NY","405 E 52nd St, New York, NY 10022, USA"
Altesi Ristorante,Italian,"Upper East Side, New York, NY","26 E 64th St, New York, NY 10065, USA"
Morgan's Brooklyn Barbecue,Barbecue,"Prospect Heights, New York, NY","267 Flatbush Ave, Brooklyn, NY 11217, USA"
French Roast,French,"Upper West Side, New York, NY","2340 Broadway, New York, NY 10024, USA"
Estiatorio Milos Hudson Yards,Seafood,"Hudson Yards, New York, NY","20 Hudson Yards Fifth Floor, New York, NY 10001, USA"
Harta,American (New),"Garment District, New York, NY","30 W 39th St, New York, NY 10018, USA"
Uva Next Door,Italian,"Upper East Side, New York, NY","1484 2nd Ave, New York, NY 10075, USA"
Nusr-Et - Midtown,Steakhouse,"Midtown West, New York, NY","60 W 53rd St, New York, NY 10019, USA"
Gui Steakhouse,Steakhouse,"Times Square/Theatre District, New York, NY","776 8th Ave, New York, NY 10036, USA"
The Parliament,American (Traditional),"Midtown East, New York, NY","557 Lexington Ave, New York, NY 10022, USA"
Jack & Charlie’s No. 118,American (New),"West Village, New York, NY","118 Greenwich Ave, New York, NY 10011, USA"
Aqua Kyoto,Japanese / Sushi,"Flatiron District, New York, NY","20 E 21st St, New York, NY 10010, USA"
Liebman’s Deli,Delicatessen,"Riverdale, New York, NY","552 W 235th St, Bronx, NY 10463, USA"
La Pizza & La Pasta,Italian,"Lower Manhattan, New York, NY","101 Liberty St, New York, NY 10006, USA"
Baciccia Pizza e Cucina,Italian,"Park Slope, New York, NY","426A 7th Ave, Brooklyn, NY 11215, USA"
Brooklyn Chop House - Downtown,Steakhouse,"Lower Manhattan, New York, NY","150 Nassau St, New York, NY 10038, USA"
Churrascaria Plataforma Brazilian Steakhouse,Brazilian,"Midtown West, New York, NY","316 W 49th St, New York, NY 10019, USA"
Zuma,Japanese / Sushi,"Murray Hill, New York, NY","261 Madison Ave, New York, NY 10016, USA"
The Clocktower,British,"Flatiron District, New York, NY","5 Madison Ave, New York, NY 10010, USA"
Felice Columbus,Italian,"Upper West Side, New York, NY","240 Columbus Ave, New York, NY 10023, USA"
The Tuck Room,Gastropub,"The Seaport, New York, NY","11 Fulton St, New York, NY 10038, USA"
Cebu Bar & Bistro,American (New),"Bay Ridge, New York, NY","8801 3rd Ave, Brooklyn, NY 11209, USA"
Veerays,Indian,"Midtown East, New York, NY","213 E 45th St, New York, NY 10017, USA"
Next Door,Japanese / Sushi,"Noho, New York, NY","770 Broadway, New York, NY 10003, USA"
Little Maven,American (New),"Flatiron District, New York, NY","30 W 18th St, New York, NY 10011, USA"
The Gallery,Japanese / Sushi,"Flatiron District, New York, NY","17 W 20th St 4th Floor, New York, NY 10011, USA"
Takumen,Japanese / Sushi,"Long Island City, New York, NY","5-50 50th Ave, Long Island City, NY 11101, USA"
Limusina,Mexican,"Hells Kitchen, New York, NY","441 9th Ave, New York, NY 10001, USA"
Stone Park Cafe,American (New),"Park Slope, New York, NY","324 5th Ave, Brooklyn, NY 11215, USA"
Vin Sur Vingt - E. 51st St.,French,"Midtown East, New York, NY","230 E 51st St, New York, NY 10022, USA"
Miriam Upper East Side,Mediterranean,"Upper East Side, New York, NY","973 Lexington Ave, New York, NY 10021, USA"
El Coco - Hell's Kitchen,Mexican,"Hells Kitchen, New York, NY","828 9th Ave, New York, NY 10019, USA"
Twenty-Sevens,American (New),"Midtown West, New York, NY","870 7th Ave, New York, NY 10019, USA"
Miss Lily's 7A,Caribbean,"East Village, New York, NY","109 Avenue A, New York, NY 10009, USA"
Anassa Taverna - Manhattan,Greek,"Upper East Side, New York, NY","200 E 60th St, New York, NY 10022, USA"
La Baraka,French,"Little Neck, New York, NY","255-09 Northern Blvd, Little Neck, NY 11362, USA"
The Dolar Shop Hot Pot,Chinese,"East Village, New York, NY","55 3rd Ave, New York, NY 10003, USA"
La Pizza & La Pasta,Italian,"Flatiron District, New York, NY","200 5th Ave, New York, NY 10010, USA"
Maggie's Place,American (New),"Midtown East, New York, NY","21 E 47th St, New York, NY 10017, USA"
The Dining Room at Gramercy Tavern,American (New),"Gramercy, New York, NY","42 E 20th St, New York, NY 10003, USA"
Dear Strangers,American (New),"Greenwich Village, New York, NY","147 W 4th St, New York, NY 10012, USA"
Isabelle's Osteria,Italian,"Gramercy, New York, NY","245 Park Ave S, New York, NY 10003, USA"
San Sabino,Italian,"West Village, New York, NY","113 Greenwich Ave, New York, NY 10014, USA"
So & So's,American (New),"Hells Kitchen, New York, NY","302 W 52nd St, New York, NY 10019, USA"
Ginger Ristoranti,Italian,"Midtown West, New York, NY","123 W 49th St, New York, NY 10020, USA"
The Quimby,American (New),"Jamaica, New York, NY","135-25 142nd St, South Ozone Park, NY 11436, USA"
The Splendid,American (New),"Midtown East, New York, NY","16 E 52nd St, New York, NY 10022, USA"
Roey's,Italian,"West Village, New York, NY","1 Perry St, New York, NY 10014, USA"
Psaraki,Greek,"Williamsburg, New York, NY","420 Kent Ave, Brooklyn, NY 11249, USA"
Anton’s,American (New),"West Village, New York, NY","570 Hudson St, New York, NY 10014, USA"
Torch & Crown Brewing Company,American (New),"Hudson Square, New York, NY","12 Vandam St, New York, NY 10013, USA"
Palermo Argentinian Bistro - NYC,Argentinian,"Times Square/Theatre District, New York, NY","373 W 46th St, New York, NY 10036, USA"
DomoDomo NYC,Japanese / Sushi,"Greenwich Village, New York, NY","140 W Houston St, New York, NY 10012, USA"
Lincoln Ristorante,Italian,"Upper West Side, New York, NY","142 W 65th St, New York, NY 10023, USA"
Ilili Restaurant,Mediterranean,"Nomad, New York, NY","236 5th Ave, New York, NY 10001, USA"
Jacques Brasserie,French,"Upper East Side, New York, NY","206 E 85th St, New York, NY 10028, USA"
"Lorenzo's Restaurant, Bar & Cabaret",Italian,"Bloomfield, New York, NY","1100 South Ave, Staten Island, NY 10314, USA"
Yakiniku Futago,Steakhouse,"Flatiron District, New York, NY","37 W 17th St, New York, NY 10011, USA"
Masseria East,Italian,"Upper East Side, New York, NY","1404 3rd Ave, New York, NY 10075, USA"
Momoya - Upper West Side,Japanese / Sushi,"Upper West Side, New York, NY","427 Amsterdam Ave, New York, NY 10024, USA"
Soogil,Korean,"East Village, New York, NY","108 E 4th St, New York, NY 10003, USA"
Chito Gvrito NYC,Eastern European,"Gramercy, New York, NY","173 3rd Ave, New York, NY 10003, USA"
Nougatine at Jean-Georges,American (New),"Upper West Side, New York, NY","1 Central Prk W, New York, NY 10023, USA"
Pink Taco,Mexican,"Times Square/Theatre District, New York, NY","7 Times Sq, New York, NY 10036, USA"
Sofrito on the Hudson,Puerto Rican,"Hamilton Heights, New York, NY","679 Riverside Dr, New York, NY 10031, USA"
Marsanne,Mediterranean,"Chelsea, New York, NY","233 8th Ave, New York, NY 10011, USA"
Baci & Abbracci,Italian,"Williamsburg, New York, NY","204 Grand St, Brooklyn, NY 11211, USA"
Treadwell Park - Downtown,American (Traditional),"Battery Park City, New York, NY","301 S End Ave, New York, NY 10280, USA"
Maiella,Italian,"Long Island City, New York, NY","46-10 Center Blvd, Long Island City, NY 11109, USA"
DiWine,American (New),"Astoria, New York, NY","41-15 31st Ave, Astoria, NY 11103, USA"
Boucherie Union Square,French,"Gramercy, New York, NY","225 Park Ave S, New York, NY 10003, USA"
Benjamin Steakhouse,Steakhouse,"Midtown East, New York, NY","Inside The Dylan Hotel, 52 E 41st St, New York, NY 10017, USA"
Il Buco Alimentari & Vineria,Italian,"Noho, New York, NY","53 Great Jones St, New York, NY 10012, USA"
'ino,Italian,"Flatiron District, New York, NY","31 E 20th St, New York, NY 10003, USA"
Marlow Bistro,Mediterranean,"Upper West Side, New York, NY","1018 Amsterdam Ave, New York, NY 10025, USA"
Ayza,American (New),"Koreatown, New York, NY","11 W 31st St, New York, NY 10001, USA"
Redeye Grill,American (New),"Midtown West, New York, NY","890 7th Ave, New York, NY 10019, USA"
Lillie's Victorian—Union Square,American (New),"Union Square, New York, NY","13 E 17th St, New York, NY 10003, USA"
Acadia,Mediterranean,"Midtown West, New York, NY","101 W 57th St, New York, NY 10019, USA"
The Uptown Garrison,American (New),"Washington Heights, New York, NY","821 W 181st St, New York, NY 10033, USA"
La Sirene,French,"Soho, New York, NY","558 Broome St, New York, NY 10013, USA"
Gallaghers Steakhouse,Steakhouse,"Times Square/Theatre District, New York, NY","228 W 52nd St, New York, NY 10019, USA"
Stout NYC Penn Station,American (Traditional),"Herald Square, New York, NY","215 W 35th St, New York, NY 10001, USA"
Copinette,American (New),"Midtown East, New York, NY","891 1st Ave, New York, NY 10022, USA"
La Pecora Bianca Midtown,Italian,"Midtown East, New York, NY","950 2nd Ave, New York, NY 10022, USA"
Calle Dão - Bryant Park,Asian Fusion,"Midtown West, New York, NY","38 W 39th St, New York, NY 10018, USA"
Planet Hollywood New York,American (New),"Times Square/Theatre District, New York, NY","136 W 42nd St, New York, NY 10036, USA"
Kru,Thai,"Greenpoint, New York, NY","190 N 14th St, Brooklyn, NY 11249, USA"
J’s On The Bay,American (New),"Rosebank, New York, NY","1189 Bay St, Staten Island, NY 10305, USA"
The Flatiron Room - Murray Hill,American (New),"Murray Hill, New York, NY","9 E 37th St, New York, NY 10016, USA"
Fushimi - Times Square,Japanese / Sushi,"Hells Kitchen, New York, NY","311 W 43rd St, New York, NY 10036, USA"
Temple Court,American (New),"Lower Manhattan, New York, NY","5 Beekman St, New York, NY 10038, USA"
Celeste,Italian,"Upper West Side, New York, NY","502 Amsterdam Ave, New York, NY 10024, USA"
Clara,American (New),"Upper West Side, New York, NY","170 Central Prk W, New York, NY 10024, USA"
The Bronx Beer Hall,Pizza,"Belmont, New York, NY","2344 Arthur Ave, Bronx, NY 10458, USA"
Victor's Cafe,Cuban,"Times Square/Theatre District, New York, NY","236 W 52nd St, New York, NY 10019, USA"
Osteria by Primo,Italian,"Todt Hill, New York, NY","1282 Richmond Rd, Staten Island, NY 10304, USA"
House of the Red Pearl,Chinese,"The Seaport, New York, NY","96 South St, New York, NY 10038, USA"
Philippe by Philippe Chow Downtown,Chinese,"Chelsea, New York, NY","355 W 16th St, New York, NY 10011, USA"
San Carlo,Italian,"Soho, New York, NY","90 Thompson St, New York, NY 10012, USA"
Stella 34 Trattoria,Italian,"Herald Square, New York, NY","151 W 34th St., New York, NY 10001, USA"
Alice,Italian,"West Village, New York, NY","126 W 13th St, New York, NY 10011, USA"
Archer & Goat,American (New),"Harlem, New York, NY","187 Malcolm X Blvd, New York, NY 10026, USA"
Rivercrest,American (New),"Astoria, New York, NY","33-15 Ditmars Blvd, Astoria, NY 11105, USA"
Grotta Azzurra,Italian,"Little Italy, New York, NY","177 Mulberry St, New York, NY 10013, USA"
Suprema Provisions,Italian,"West Village, New York, NY","305 Bleecker St, New York, NY 10014, USA"
Tamarind Tribeca,Indian,"Tribeca, New York, NY","99 Hudson St, New York, NY 10013, USA"
Henry's End,American (New),"Brooklyn Heights, New York, NY","72 Henry St, Brooklyn, NY 11201, USA"
Amity Hall Uptown,American (New),"Upper West Side, New York, NY","982 Amsterdam Ave, New York, NY 10025, USA"
Lafayette,French,"Noho, New York, NY","380 Lafayette St, New York, NY 10003, USA"
Tommy Bahama Restaurant–Bar–Store,American (New),"Midtown East, New York, NY","551 5th Ave Suite 101, New York, NY 10176, USA"
Atlantis Prime,Steakhouse,"Herald Square, New York, NY","38 W 36th St., New York, NY 10018, USA"
Carne Mare,Steakhouse,"The Seaport, New York, NY","89 South St, New York, NY 10038, USA"
Mamo,Italian,"Soho, New York, NY","323 W Broadway, New York, NY 10013, USA"
Serra,Italian,"Flatiron District, New York, NY","200 5th Ave, New York, NY 10010, USA"
Gabriel's Bar & Restaurant,Italian,"Midtown West, New York, NY","40 Central Park S, New York, NY 10019, USA"
Grand Brasserie,French,"Midtown East, New York, NY","89 E 42nd St Vanderbilt Hall, New York, NY 10017, USA"
Da Andrea - Greenwich Village,Italian,"Greenwich Village, New York, NY","35 W 13th St, New York, NY 10011, USA"
The Ivy Room,American (New),"Nomad, New York, NY","420 Park Ave S P2, New York, NY 10016, USA"
A La Turka,Turkish,"Upper East Side, New York, NY","1417 2nd Ave, New York, NY 10021, USA"
The Otter,Seafood,"Soho, New York, NY","58 Thompson St, New York, NY 10012, USA"
Tonchin Brooklyn,Japanese / Sushi,"Williamsburg, New York, NY","109 N 3rd St, Brooklyn, NY 11249, USA"
Union Square Cafe,American (New),"Gramercy, New York, NY","101 E 19th St, New York, NY 10003, USA"
Chelsea Ristorante,Italian,"Chelsea, New York, NY","108 8th Ave, New York, NY 10011, USA"
Arte Cafe,Italian,"Upper West Side, New York, NY","106 W 73rd St, New York, NY 10023, USA"
STK Midtown,Steakhouse,"Midtown West, New York, NY","1114 6th Ave, New York, NY 10036, USA"
The Queensboro,American (Traditional),"Jackson Heights, New York, NY","80-02 Northern Blvd, Jackson Heights, NY 11372, USA"
French Louie,French,"Boerum Hill, New York, NY","320 Atlantic Ave, Brooklyn, NY 11201, USA"
Molyvos,Greek,"Hells Kitchen, New York, NY","402 West 43rd Street New York (Btwn 9th &, 10th Ave, New York, NY 10036, USA"
The Noortwyck,American (New),"West Village, New York, NY","289 Bleecker St, New York, NY 10014, USA"
Dos Caminos Lexington,Mexican,"Midtown East, New York, NY","480 Lexington Ave, New York, NY 10167, USA"
Del Frisco's Grille - Brookfield Place,Steakhouse,"Battery Park City, New York, NY","250 Vesey St, New York, NY 10281, USA"
Dowling’s at The Carlyle,American (Traditional),"Upper East Side, New York, NY","35 E 76th St, New York, NY 10021, USA"
The Bar Room at The Modern,American (New),"Midtown West, New York, NY","9 W 53rd St, New York, NY 10019, USA"
Naro,Korean,"Midtown West, New York, NY","Rink Level CO, 610 5th Ave #04, New York, NY 10020, USA"
Le District Bar & Bistro,French,"Battery Park City, New York, NY","225 Liberty St, New York, NY 10281, USA"
Masaaki,Japanese / Sushi,"Bayside, New York, NY","214-16 41st Ave, Bayside, NY 11361, USA"
Cafe Zaffri,Middle Eastern,"Union Square, New York, NY","16 E 16th St, New York, NY 10003, USA"
Blvd Bistro,Soul Food / Southern,"Harlem, New York, NY","2149 Frederick Douglass Blvd, New York, NY 10026, USA"
Zou Zou's,Mediterranean,"Hudson Yards, New York, NY","385 9th Ave Suite 85, New York, NY 10001, USA"
Peggy's,Eclectic,"Midtown East, New York, NY","1043 2nd Ave, New York, NY 10022, USA"
Fogo de Chão Brazilian Steakhouse - World Trade Center,Brazilian,"Lower Manhattan, New York, NY","40 Cortlandt Wy Tower 3, Space 1340, New York, NY 10007, USA"
Telio,Greek,"Upper West Side, New York, NY","2672 Broadway, New York, NY 10025, USA"
Noodle Bar - Uptown,Asian Fusion,"Midtown West, New York, NY","10 Columbus Cir, New York, NY 10019, USA"
Allora Fifth Ave,Italian,"Nomad, New York, NY","292 5th Ave, New York, NY 10001, USA"
La Pecora Bianca Upper East Side,Italian,"Upper East Side, New York, NY","1562 2nd Ave, New York, NY 10028, USA"
Il Mulino New York | Madison,Italian,"Midtown East, New York, NY","58 E 56th St, New York, NY 10022, USA"
Paris Bar,French,"Midtown West, New York, NY","120 W 57th St, New York, NY 10019, USA"
BKK New York,Thai,"Midtown West, New York, NY","238 W 56th St, New York, NY 10019, USA"
Dhamaka,Indian,"Lower East Side, New York, NY","119 Delancey St, New York, NY 10002, USA"
Anassa Taverna - Astoria,Greek,"Astoria, New York, NY","28-10 Astoria Blvd, Astoria, NY 11102, USA"
ilili - Midtown,Mediterranean,"Midtown East, New York, NY","157 E 53rd St, New York, NY 10022, USA"
Le Tout Va Bien,French,"Hells Kitchen, New York, NY","311 W 51st St, New York, NY 10019, USA"
Crazy Pizza,Italian,"Soho, New York, NY","218 Lafayette St, New York, NY 10012, USA"
Murano Ristorante,Italian,"Midtown East, New York, NY","120 E 56th St, New York, NY 10022, USA"
Amélie - Upper West Side,French,"Upper West Side, New York, NY","566 Amsterdam Ave, New York, NY 10024, USA"
Izakaya Futago,Japanese / Sushi,"Midtown East, New York, NY","211 E 43rd St, New York, NY 10017, USA"
Cha Cha Tang,Chinese,"West Village, New York, NY","257 6th Ave, New York, NY 10014, USA"
Brasserie Cognac - Midtown East,French,"Midtown East, New York, NY","517 Lexington Ave, New York, NY 10017, USA"
Ponty Bistro,French,"Harlem, New York, NY","2375 Adam Clayton Powell Jr Blvd, New York, NY 10030, USA"
Wan Waan,Thai,"Chelsea, New York, NY","200 8th Ave, New York, NY 10011, USA"
Smith & Mills - Rockefeller Center,American (New),"Midtown West, New York, NY","Rink Level, 30 Rockefeller Plaza, New York, NY 10112, USA"
Levant on Smith,French,"Carroll Gardens, New York, NY","223 Smith St, Brooklyn, NY 11201, USA"
Docks Off 5th,Seafood,"Midtown West, New York, NY","25 W 51st St #6939, New York, NY 10019, USA"
Romeo's Italian Restaurant,Italian,"Jackson Heights, New York, NY","74-27 37th Ave, Jackson Heights, NY 11372, USA"
Renaissance Harlem,American (New),"Harlem, New York, NY","2245 Adam Clayton Powell Jr Blvd, New York, NY 10030, USA"
La Pecora Bianca Bryant Park,Italian,"Midtown West, New York, NY","20 W 40th St, New York, NY 10018, USA"
Burrito Bar,Mexican,"West Brighton, New York, NY","585 Forest Ave, Staten Island, NY 10310, USA"
Red Room Bar,French,"Lower Manhattan, New York, NY","1 Wall St, New York, NY 10005, USA"
Motek,Mediterranean,"Flatiron District, New York, NY","928 Broadway, New York, NY 10010, USA"
Markette,Caribbean,"Chelsea, New York, NY","326 7th Ave, New York, NY 10001, USA"
Arthur & Sons - Murray Hill,Italian,"Murray Hill, New York, NY","145 E 39th St, New York, NY 10016, USA"
Tinos,Greek,"Upper East Side, New York, NY","1748 1st Ave, New York, NY 10128, USA"
UNGLO Thai Restaurant & Bar,Thai,"Upper West Side, New York, NY","35 W 64th St, New York, NY 10023, USA"
Pepolino,Italian,"Tribeca, New York, NY","281 W Broadway, New York, NY 10013, USA"
Casa Louie,Italian,"Hudson Yards, New York, NY","455 W 37th St, New York, NY 10018, USA"
Barlume,Mediterranean,"Flatiron District, New York, NY","900 Broadway, New York, NY 10003, USA"
Saggio,Italian,"Washington Heights, New York, NY","827 W 181st St, New York, NY 10033, USA"
Mama Mezze,Mediterranean,"Nomad, New York, NY","1123 Broadway, New York, NY 10010, USA"
Don Cheech,Italian,"Rosebank, New York, NY","1271 Bay St, Staten Island, NY 10305, USA"
Ralph's Sports Bar,American (New),"Dongan Hills, New York, NY","1571 Richmond Rd, Staten Island, NY 10304, USA"
Eataly NYC SoHo,Italian,"Soho, New York, NY","200 Lafayette St, New York, NY 10012, USA"
Pico De Gallo Bar & Kitchen,Mexican,"Upper West Side, New York, NY","768 Amsterdam Ave, New York, NY 10025, USA"
Drai's Supper Club,French,"West Village, New York, NY","244 W 14th St, New York, NY 10011, USA"
Aquarelle,Seafood,"East Village, New York, NY","47 Avenue B, New York, NY 10009, USA"
City Vineyard,American (New),"Tribeca, New York, NY","233 West St, New York, NY 10013, USA"
Rosie O'Grady's,American (Traditional),"Times Square/Theatre District, New York, NY","148 W 51st St, New York, NY 10019, USA"
Bar Bianchi,Italian,"East Village, New York, NY","5 Avenue A, New York, NY 10009, USA"
Naxos,Greek,"Williamsburg, New York, NY","470 Driggs Ave, Brooklyn, NY 11211, USA"
El Bistró Tropical,Colombian,"Nomad, New York, NY","1227 Broadway Located inside the iconic Virgin Hotels, on the 4th floor, New York, NY 10001, USA"
SaiTong Thai,Thai,"Times Square/Theatre District, New York, NY","244 W 48th St, New York, NY 10036, USA"
Pylos,Greek,"East Village, New York, NY","128 E 7th St, New York, NY 10009, USA"
8282,Korean,"Lower East Side, New York, NY","84 Stanton St, New York, NY 10002, USA"
Le Monde,French,"Morningside Heights, New York, NY","2885 Broadway, New York, NY 10025, USA"
Fogo de Chão Brazilian Steakhouse - Brooklyn,Brazilian,"Downtown Brooklyn, New York, NY","445 Albee Square W, Brooklyn, NY 11201, USA"
Bleu Fin,Seafood,"Bushwick, New York, NY","1487 Broadway, Brooklyn, NY 11221, USA"
Stretch Pizza - Park Ave,Pizza,"Flatiron District, New York, NY","331 Park Ave S, New York, NY 10010, USA"
Sea by Jungsik,Thai,"Chelsea, New York, NY","151 W 30th St, New York, NY 10001, USA"
Reverie,Williamsburg,"nan, New York, NY","135 Metropolitan Ave, Brooklyn, NY 11249, USA"
Anassa Taverna - Downtown,Greek,"Battery Park City, New York, NY","104 N End Ave, New York, NY 10282, USA"
La Pecora Bianca SoHo,Italian,"Soho, New York, NY","54 Prince St, New York, NY 10012, USA"
Quality Italian,Italian,"Midtown West, New York, NY","57 W 57th St, New York, NY 10019, USA"
Code Red Restaurant & Lounge,Caribbean,"Laconia, New York, NY","1320 E Gun Hill Rd, Bronx, NY 10469, USA"
Gitano NYC,Mexican,"The Seaport, New York, NY","89 South St, New York, NY 10038, USA"
American Brass,American (New),"Long Island City, New York, NY","2-01 50th Ave, Long Island City, NY 11101, USA"
Pascalou,French,"Upper East Side, New York, NY","1308 Madison Ave, New York, NY 10128, USA"
Leon’s,Italian,"Greenwich Village, New York, NY","817 Broadway, New York, NY 10003, USA"
Barrio BX,Puerto Rican,"Unionport, New York, NY","1247 Castle Hill Ave, Bronx, NY 10462, USA"
Cathédrale,French,"East Village, New York, NY","112 E 11th St, New York, NY 10003, USA"
F&J Pine,Italian,"Morris Park, New York, NY","1913 Bronxdale Ave, Bronx, NY 10462, USA"
Mito - Fort Greene,Japanese / Sushi,"Fort Greene, New York, NY","280 Ashland Pl, Brooklyn, NY 11217, USA"
Poppy,American (New),"East Village, New York, NY","505 E 12th St, New York, NY 10009, USA"
Surfish Bistro,Peruvian,"Gowanus, New York, NY","550 3rd Ave, Brooklyn, NY 11215, USA"
Sistina,Italian,"Upper East Side, New York, NY","24 E 81st St, New York, NY 10028, USA"
Yefsi Estiatorio,Greek,"Upper East Side, New York, NY","1481 York Ave, New York, NY 10075, USA"
Mykonian House,Greek,"Upper East Side, New York, NY","25 E 83rd St, New York, NY 10028, USA"
Aqua Roma,Italian,"Flatiron District, New York, NY","902 Broadway, New York, NY 10010, USA"
ABC Kitchens DUMBO,American (New),"Dumbo, New York, NY","55 Water St, Brooklyn, NY 11201, USA"
Smyth Tavern,American (Traditional),"Tribeca, New York, NY","85 W Broadway, New York, NY 10007, USA"
Benihana,Japanese / Sushi,"Midtown West, New York, NY","47 W 56th St, New York, NY 10019, USA"
Saigon Social,Vietnamese,"Lower East Side, New York, NY","172 Orchard St, New York, NY 10002, USA"
Little Fino,Italian,"Williamsburg, New York, NY","111 N 12th St, Brooklyn, NY 11249, USA"
La Tête d’Or,Steakhouse,"Flatiron District, New York, NY","318 Park Ave S, New York, NY 10010, USA"
Ishq,Indian,"East Village, New York, NY","202 Avenue A Frnt A, New York, NY 10009, USA"
Caravaggio,Italian,"Upper East Side, New York, NY","23 E 74th St, New York, NY 10021, USA"
iNine Bistro,Eclectic,"Mott Haven, New York, NY","53 Bruckner Blvd, Bronx, NY 10454, USA"
Quality Meats,Steakhouse,"Midtown West, New York, NY","57 W 58th St, New York, NY 10019, USA"
Bar Chuzo,Latin American,"Bay Ridge, New York, NY","9324 3rd Ave, Brooklyn, NY 11209, USA"
Amélie - West Village,French,"Greenwich Village, New York, NY","22 W 8th St, New York, NY 10011, USA"
Liman Restaurant,Mediterranean,"Coney Island, New York, NY","825 Surf Ave 2nd Floor, Brooklyn, NY 11224, USA"
Catch n' Chop,Steakhouse,"Upper East Side, New York, NY","1600 3rd Ave, New York, NY 10128, USA"
Fogo de Chão Brazilian Steakhouse - Elmhurst,Brazilian,"Elmhurst, New York, NY","92-50 59th Ave, Elmhurst, NY 11373, USA"
Amaranth,Mediterranean,"Upper East Side, New York, NY","21 E 62nd St GROUND FLOOR, New York, NY 10065, USA"
Masalawala & Sons,Indian,"Park Slope, New York, NY","365 5th Ave, Brooklyn, NY 11215, USA"
Jasmine's Caribbean Cuisine,Caribbean,"Times Square/Theatre District, New York, NY","371 W 46th St, New York, NY 10036, USA"
Sojourn Social,American (New),"Upper East Side, New York, NY","1708 2nd Ave, New York, NY 10128, USA"
Maison Passerelle,French,"Lower Manhattan, New York, NY","1 Wall St, New York, NY 10005, USA"
Fresco by Scotto,Italian,"Midtown East, New York, NY","34 E 52nd St, New York, NY 10022, USA"
PB Brasserie Steak House,French,"Harlem, New York, NY","Pb brasserie steak house, 60 W 125th St, New York, NY 10027, USA"
Bar Mercer,Gastropub,"Soho, New York, NY","25 W Houston St, New York, NY 10012, USA"
The Mermaid Inn - Upper West Side,Seafood,"Upper West Side, New York, NY","335 Columbus Ave, New York, NY 10023, USA"
Korali Estiatorio,Greek,"Upper East Side, New York, NY","1662 3rd Ave, New York, NY 10128, USA"
Rialto Ristorante,Italian,"Astoria, New York, NY","28-11 Astoria Blvd, Astoria, NY 11102, USA"
Boni & Mott,Mediterranean,"Nolita, New York, NY","238 Mott St, New York, NY 10012, USA"
La Pecora Bianca Upper West Side,Italian,"Upper West Side, New York, NY","359 Columbus Ave, New York, NY 10024, USA"
Margaux by La Sirène,French,"Murray Hill, New York, NY","238 Madison Ave, New York, NY 10016, USA"
